OBJECTID,MODO,CODIGOITINERARIO,CODIGOGESTIONLINEA,NUMEROLINEAUSUARIO,SENTIDO,TIPOITINERARIO,CODIGOESTACION,CODIGOPOSTE,CODIGOANDEN,NUMEROORDEN,IDENTIFICADORTIPOPARADA,TIPOPARADA,DENOMINACION,CODIGOPROVINCIA,CODIGOMUNICIPIO,MUNICIPIO,CORONATARIFARIA,DIRECCION,FECHAALTA,FECHAINICIO,FECHAFIN,LONGITUDTRAMOANTERIOR,VELOCIDADTRAMOANTERIOR,MODOLINEA,IDFINTERCAMBIADOR,CODPROV_LINEA,CODMUN_LINEA,IDFTRAMO,CODIGOOBSERVACION,CODIGOSUBLINEA,DENOMINACION_SAE,IDFLINEA,IDFITINERARIO,IDFESTACION,IDFPOSTE,IDFANDEN,CODIGOCTMESTACIONREDMETRO
1,5,330338,C2,C-2,1,1,12,,517,2,TI,I,AZUQUECA,19,046,AZUQUECA DE HENARES,E1,Paseo de la Estacion SN SN,20010621,19930101,,11511.4911,30,5,93_151,,,5__2_____1_IT_1_5_12__517_TI_I_2,,,,5__2___,5__2_____1_IT_1,5_12,5_12_,5_12_517,
2,5,330357,C2,C-2,2,1,12,,518,18,TI,I,AZUQUECA,19,046,AZUQUECA DE HENARES,E1,Paseo de la Estacion SN SN,20010621,19930101,,4060.4553,30,5,93_151,,,5__2_____2_IT_1_5_12__518_TI_I_18,,,,5__2___,5__2_____2_IT_1,5_12,5_12_,5_12_518,
3,5,364228,C8,C-8,1,1,12,,517,2,TI,I,AZUQUECA,19,046,AZUQUECA DE HENARES,E1,Paseo de la Estacion SN SN,20190919,20181105,,11511.4911,30,5,93_151,,,5__8_____1_IT_1_5_12__517_TI_I_2,,,,5__8___,5__8_____1_IT_1,5_12,5_12_,5_12_517,
4,5,364229,C8,C-8,2,1,12,,518,31,TI,I,AZUQUECA,19,046,AZUQUECA DE HENARES,E1,Paseo de la Estacion SN SN,20190919,20181105,,4060.4553,30,5,93_151,,,5__8_____2_IT_1_5_12__518_TI_I_31,,,,5__8___,5__8_____2_IT_1,5_12,5_12_,5_12_518,
5,5,370837,C8A,C-8a,1,1,12,,517,2,TI,I,AZUQUECA,19,046,AZUQUECA DE HENARES,E1,Paseo de la Estacion SN SN,20240125,20240101,,,30,5,93_151,,,5__8_A____1_IT_1_5_12__517_TI_I_2,,,,5__8_A__,5__8_A____1_IT_1,5_12,5_12_,5_12_517,
6,5,370838,C8A,C-8a,2,1,12,,518,32,TI,I,AZUQUECA,19,046,AZUQUECA DE HENARES,E1,Paseo de la Estacion SN SN,20240125,20240101,,4060.4553,30,5,93_151,,,5__8_A____2_IT_1_5_12__518_TI_I_32,,,,5__8_A__,5__8_A____2_IT_1,5_12,5_12_,5_12_518,
7,5,330338,C2,C-2,1,1,38,,571,1,TI,C,GUADALAJARA,19,130,GUADALAJARA,E1,Plaza de la Estación SN SN,20010621,19930101,,0,0,5,93_224,,,5__2_____1_IT_1_5_38__571_TI_C_1,,,,5__2___,5__2_____1_IT_1,5_38,5_38_,5_38_571,
8,5,330357,C2,C-2,2,1,38,,572,19,TI,C,GUADALAJARA,19,130,GUADALAJARA,E1,Plaza de la Estación SN SN,20010621,19930101,,11511.1731,30,5,93_224,,,5__2_____2_IT_1_5_38__572_TI_C_19,,,,5__2___,5__2_____2_IT_1,5_38,5_38_,5_38_572,
9,5,364228,C8,C-8,1,1,38,,571,1,TI,C,GUADALAJARA,19,130,GUADALAJARA,E1,Plaza de la Estación SN SN,20190919,20181105,,0,0,5,93_224,,,5__8_____1_IT_1_5_38__571_TI_C_1,,,,5__8___,5__8_____1_IT_1,5_38,5_38_,5_38_571,
10,5,364229,C8,C-8,2,1,38,,572,32,TI,C,GUADALAJARA,19,130,GUADALAJARA,E1,Plaza de la Estación SN SN,20190919,20181105,,11511.1731,30,5,93_224,,,5__8_____2_IT_1_5_38__572_TI_C_32,,,,5__8___,5__8_____2_IT_1,5_38,5_38_,5_38_572,
11,5,370837,C8A,C-8a,1,1,38,,571,1,TI,C,GUADALAJARA,19,130,GUADALAJARA,E1,Plaza de la Estación SN SN,20240125,20240101,,,0,5,93_224,,,5__8_A____1_IT_1_5_38__571_TI_C_1,,,,5__8_A__,5__8_A____1_IT_1,5_38,5_38_,5_38_571,
12,5,370838,C8A,C-8a,2,1,38,,572,33,TI,C,GUADALAJARA,19,130,GUADALAJARA,E1,Plaza de la Estación SN SN,20240125,20240101,,11511.1731,30,5,93_224,,,5__8_A____2_IT_1_5_38__572_TI_C_33,,,,5__8_A__,5__8_A____2_IT_1,5_38,5_38_,5_38_572,
13,5,330338,C2,C-2,1,1,2,,493,5,TI,I,ALCALÁ DE HENARES,28,005,ALCALA DE HENARES,B3,Calle   Pedro Lainez N 2,20010621,19930101,,3253.4389,30,5,93_125,,,5__2_____1_IT_1_5_2__493_TI_I_5,,,,5__2___,5__2_____1_IT_1,5_2,5_2_,5_2_493,
14,5,330357,C2,C-2,2,1,2,,494,15,TI,I,ALCALÁ DE HENARES,28,005,ALCALA DE HENARES,B3,Calle   Pedro Lainez N 2,20010621,19930101,,2443.8146,30,5,93_125,,,5__2_____2_IT_1_5_2__494_TI_I_15,,,,5__2___,5__2_____2_IT_1,5_2,5_2_,5_2_494,
15,5,364227,C7,C-7,2,1,2,,494,24,TI,C,ALCALÁ DE HENARES,28,005,ALCALA DE HENARES,B3,Calle   Pedro Lainez N 2,20190919,20181105,,2443.8146,30,5,93_125,,,5__7_____2_IT_1_5_2__494_TI_C_24,,,,5__7___,5__7_____2_IT_1,5_2,5_2_,5_2_494,
16,5,364228,C8,C-8,1,1,2,,493,5,TI,I,ALCALÁ DE HENARES,28,005,ALCALA DE HENARES,B3,Calle   Pedro Lainez N 2,20190919,20181105,,3253.4389,30,5,93_125,,,5__8_____1_IT_1_5_2__493_TI_I_5,,,,5__8___,5__8_____1_IT_1,5_2,5_2_,5_2_493,
17,5,364229,C8,C-8,2,1,2,,494,28,TI,I,ALCALÁ DE HENARES,28,005,ALCALA DE HENARES,B3,Calle   Pedro Lainez N 2,20190919,20181105,,2443.8146,30,5,93_125,,,5__8_____2_IT_1_5_2__494_TI_I_28,,,,5__8___,5__8_____2_IT_1,5_2,5_2_,5_2_494,
18,5,364226,C7,C-7,1,1,2,,493,1,TI,C,ALCALÁ DE HENARES,28,005,ALCALA DE HENARES,B3,Calle   Pedro Lainez N 2,20190919,20181105,,0,0,5,93_125,,,5__7_____1_IT_1_5_2__493_TI_C_1,,,,5__7___,5__7_____1_IT_1,5_2,5_2_,5_2_493,
19,5,370837,C8A,C-8a,1,1,2,,493,5,TI,I,ALCALÁ DE HENARES,28,005,ALCALA DE HENARES,B3,Calle   Pedro Lainez N 2,20240125,20240101,,,30,5,93_125,,,5__8_A____1_IT_1_5_2__493_TI_I_5,,,,5__8_A__,5__8_A____1_IT_1,5_2,5_2_,5_2_493,
20,5,370838,C8A,C-8a,2,1,2,,494,29,TI,I,ALCALÁ DE HENARES,28,005,ALCALA DE HENARES,B3,Calle   Pedro Lainez N 2,20240125,20240101,,2443.8146,30,5,93_125,,,5__8_A____2_IT_1_5_2__494_TI_I_29,,,,5__8_A__,5__8_A____2_IT_1,5_2,5_2_,5_2_494,
21,5,330338,C2,C-2,1,1,3,,495,4,TI,I,ALCALÁ DE HENARES UNIVERSIDAD,28,005,ALCALA DE HENARES,B3,Ctra del  Campus SN SN,20010621,19930101,,4487.5563,30,5,93_126,,,5__2_____1_IT_1_5_3__495_TI_I_4,,,,5__2___,5__2_____1_IT_1,5_3,5_3_,5_3_495,
22,5,330357,C2,C-2,2,1,3,,496,16,TI,I,ALCALÁ DE HENARES UNIVERSIDAD,28,005,ALCALA DE HENARES,B3,Ctra del  Campus SN SN,20010621,19930101,,3256.3125,30,5,93_126,,,5__2_____2_IT_1_5_3__496_TI_I_16,,,,5__2___,5__2_____2_IT_1,5_3,5_3_,5_3_496,
23,5,364228,C8,C-8,1,1,3,,495,4,TI,I,ALCALÁ DE HENARES UNIVERSIDAD,28,005,ALCALA DE HENARES,B3,Ctra del  Campus SN SN,20190919,20181105,,4487.5563,30,5,93_126,,,5__8_____1_IT_1_5_3__495_TI_I_4,,,,5__8___,5__8_____1_IT_1,5_3,5_3_,5_3_495,
24,5,364229,C8,C-8,2,1,3,,496,29,TI,I,ALCALÁ DE HENARES UNIVERSIDAD,28,005,ALCALA DE HENARES,B3,Ctra del  Campus SN SN,20190919,20181105,,3256.3125,30,5,93_126,,,5__8_____2_IT_1_5_3__496_TI_I_29,,,,5__8___,5__8_____2_IT_1,5_3,5_3_,5_3_496,
25,5,370837,C8A,C-8a,1,1,3,,495,4,TI,I,ALCALÁ DE HENARES UNIVERSIDAD,28,005,ALCALA DE HENARES,B3,Ctra del  Campus SN SN,20240125,20240101,,,30,5,93_126,,,5__8_A____1_IT_1_5_3__495_TI_I_4,,,,5__8_A__,5__8_A____1_IT_1,5_3,5_3_,5_3_495,
26,5,370838,C8A,C-8a,2,1,3,,496,30,TI,I,ALCALÁ DE HENARES UNIVERSIDAD,28,005,ALCALA DE HENARES,B3,Ctra del  Campus SN SN,20240125,20240101,,3256.3125,30,5,93_126,,,5__8_A____2_IT_1_5_3__496_TI_I_30,,,,5__8_A__,5__8_A____2_IT_1,5_3,5_3_,5_3_496,
27,5,330338,C2,C-2,1,1,106,,697,6,TI,I,"GARENA, LA",28,005,ALCALA DE HENARES,B3,Calle   Fausto Elhuyar N 6,20010621,19930101,,2443.1749,30,5,92_218,,,5__2_____1_IT_1_5_106__697_TI_I_6,,,,5__2___,5__2_____1_IT_1,5_106,5_106_,5_106_697,
28,5,330357,C2,C-2,2,1,106,,698,14,TI,I,"GARENA, LA",28,005,ALCALA DE HENARES,B3,Calle   Fausto Elhuyar N 6,20010621,19930101,,4495.2335,30,5,92_218,,,5__2_____2_IT_1_5_106__698_TI_I_14,,,,5__2___,5__2_____2_IT_1,5_106,5_106_,5_106_698,
29,5,364227,C7,C-7,2,1,106,,698,23,TI,I,"GARENA, LA",28,005,ALCALA DE HENARES,B3,Calle   Fausto Elhuyar N 6,20190919,20181105,,4495.4321,30,5,92_218,,,5__7_____2_IT_1_5_106__698_TI_I_23,,,,5__7___,5__7_____2_IT_1,5_106,5_106_,5_106_698,
30,5,364228,C8,C-8,1,1,106,,697,6,TI,I,"GARENA, LA",28,005,ALCALA DE HENARES,B3,Calle   Fausto Elhuyar N 6,20190919,20181105,,2443.1749,30,5,92_218,,,5__8_____1_IT_1_5_106__697_TI_I_6,,,,5__8___,5__8_____1_IT_1,5_106,5_106_,5_106_697,
31,5,364229,C8,C-8,2,1,106,,698,27,TI,I,"GARENA, LA",28,005,ALCALA DE HENARES,B3,Calle   Fausto Elhuyar N 6,20190919,20181105,,4495.2335,30,5,92_218,,,5__8_____2_IT_1_5_106__698_TI_I_27,,,,5__8___,5__8_____2_IT_1,5_106,5_106_,5_106_698,
32,5,364226,C7,C-7,1,1,106,,697,2,TI,I,"GARENA, LA",28,005,ALCALA DE HENARES,B3,Calle   Fausto Elhuyar N 6,20190919,20181105,,2443.1749,30,5,92_218,,,5__7_____1_IT_1_5_106__697_TI_I_2,,,,5__7___,5__7_____1_IT_1,5_106,5_106_,5_106_697,
33,5,370837,C8A,C-8a,1,1,106,,697,6,TI,I,"GARENA, LA",28,005,ALCALA DE HENARES,B3,Calle   Fausto Elhuyar N 6,20240125,20240101,,,30,5,92_218,,,5__8_A____1_IT_1_5_106__697_TI_I_6,,,,5__8_A__,5__8_A____1_IT_1,5_106,5_106_,5_106_697,
34,5,370838,C8A,C-8a,2,1,106,,698,28,TI,I,"GARENA, LA",28,005,ALCALA DE HENARES,B3,Calle   Fausto Elhuyar N 6,20240125,20240101,,4495.2335,30,5,92_218,,,5__8_A____2_IT_1_5_106__698_TI_I_28,,,,5__8_A__,5__8_A____2_IT_1,5_106,5_106_,5_106_698,
35,5,340742,C4A,C-4a,1,1,4,,498,15,TI,T,ALCOBENDAS-S.S. DE LOS REYES,28,006,ALCOBENDAS,B1,Plaza de Francisco Casillas N 1,20090625,20090625,,1661.1851,30,5,93_127,,,5__4_A____1_IT_1_5_4__498_TI_T_15,,,,5__4_A__,5__4_A____1_IT_1,5_4,5_4_,5_4_498,
36,5,340743,C4A,C-4a,2,1,4,,497,1,TI,T,ALCOBENDAS-S.S. DE LOS REYES,28,006,ALCOBENDAS,B1,Plaza de Francisco Casillas N 1,20090625,20090625,,0,0,5,93_127,,,5__4_A____2_IT_1_5_4__497_TI_T_1,,,,5__4_A__,5__4_A____2_IT_1,5_4,5_4_,5_4_497,
37,5,340742,C4A,C-4a,1,1,85,,672,14,TI,I,VALDELASFUENTES,28,006,ALCOBENDAS,B1,Calle del Marqués de la Valdavia N 140,20090625,20090625,,2624.5187,30,5,93_363,,,5__4_A____1_IT_1_5_85__672_TI_I_14,,,,5__4_A__,5__4_A____1_IT_1,5_85,5_85_,5_85_672,
38,5,340743,C4A,C-4a,2,1,85,,671,2,TI,I,VALDELASFUENTES,28,006,ALCOBENDAS,B1,Calle del Marqués de la Valdavia N 140,20090625,20090625,,1658.4178,30,5,93_363,,,5__4_A____2_IT_1_5_85__671_TI_I_2,,,,5__4_A__,5__4_A____2_IT_1,5_85,5_85_,5_85_671,
39,5,332752,C5,C-5,2,1,5,,500,20,TI,I,ALCORCÓN,28,007,ALCORCON,B1,Avda de Móstoles N 12,20040303,20040228,,1586.1497,30,5,92_89,,,5__5_____2_IT_1_5_5__500_TI_I_20,,,,5__5___,5__5_____2_IT_1,5_5,5_5_,5_5_500,
40,5,332751,C5,C-5,1,1,5,,499,4,TI,I,ALCORCÓN,28,007,ALCORCON,B1,Avda de Móstoles N 12,20040303,20040228,,1324.079,30,5,92_89,,,5__5_____1_IT_1_5_5__499_TI_I_4,,,,5__5___,5__5_____1_IT_1,5_5,5_5_,5_5_499,
41,5,332752,C5,C-5,2,1,66,,628,21,TI,I,"RETAMAS, LAS",28,007,ALCORCON,B1,Avda de Retamas N 2,20040303,20040228,,1323.4847,30,5,93_313,,,5__5_____2_IT_1_5_66__628_TI_I_21,,,,5__5___,5__5_____2_IT_1,5_66,5_66_,5_66_628,
42,5,332751,C5,C-5,1,1,66,,627,3,TI,I,"RETAMAS, LAS",28,007,ALCORCON,B1,Avda de Retamas N 2,20040303,20040228,,2372.407,30,5,93_313,,,5__5_____1_IT_1_5_66__627_TI_I_3,,,,5__5___,5__5_____1_IT_1,5_66,5_66_,5_66_627,
43,5,332752,C5,C-5,2,1,72,,640,19,TI,I,SAN JOSÉ DE VALDERAS,28,007,ALCORCON,B1,Calle de Sahagún N 36,20040303,20040228,,3237.5642,30,5,93_336,,,5__5_____2_IT_1_5_72__640_TI_I_19,,,,5__5___,5__5_____2_IT_1,5_72,5_72_,5_72_640,
44,5,332751,C5,C-5,1,1,72,,639,5,TI,I,SAN JOSÉ DE VALDERAS,28,007,ALCORCON,B1,Calle de Sahagún N 36,20040303,20040228,,1585.0715,30,5,93_336,,,5__5_____1_IT_1_5_72__639_TI_I_5,,,,5__5___,5__5_____1_IT_1,5_72,5_72_,5_72_639,
45,5,364228,C8,C-8,1,1,6,,501,29,TI,I,ALPEDRETE,28,010,ALPEDRETE,C1,Cmno de la Estación N 36,20190919,20181105,,2694.7756,30,5,93_134,,,5__8_____1_IT_1_5_6__501_TI_I_29,,,,5__8___,5__8_____1_IT_1,5_6,5_6_,5_6_501,
46,5,364229,C8,C-8,2,1,6,,502,4,TI,I,ALPEDRETE,28,010,ALPEDRETE,C1,Cmno de la Estación N 36,20190919,20181105,,6013.409,30,5,93_134,,,5__8_____2_IT_1_5_6__502_TI_I_4,,,,5__8___,5__8_____2_IT_1,5_6,5_6_,5_6_502,
47,5,364228,C8,C-8,1,1,50,,595,28,TI,I,"NEGRALES, LOS",28,010,ALPEDRETE,C1,Avda de la Reina Victoria N 47,20190919,20181105,,1957.8747,30,5,93_279,,,5__8_____1_IT_1_5_50__595_TI_I_28,,,,5__8___,5__8_____1_IT_1,5_50,5_50_,5_50_595,
48,5,364229,C8,C-8,2,1,50,,596,5,TI,I,"NEGRALES, LOS",28,010,ALPEDRETE,C1,Avda de la Reina Victoria N 47,20190919,20181105,,2692.7499,30,5,93_279,,,5__8_____2_IT_1_5_50__596_TI_I_5,,,,5__8___,5__8_____2_IT_1,5_50,5_50_,5_50_596,
49,5,364222,C3,C-3,1,1,8,,506,1,TI,C,ARANJUEZ,28,013,ARANJUEZ,C1,Calle de la Estación N 5,20190919,20181105,,0,0,5,93_140,,,5__3_____1_IT_1_5_8__506_TI_C_1,,,,5__3___,5__3_____1_IT_1,5_8,5_8_,5_8_506,
50,5,364223,C3,C-3,2,1,8,,505,13,TI,C,ARANJUEZ,28,013,ARANJUEZ,C1,Calle de la Estación N 5,20190919,20181105,,14696.838,30,5,93_140,,,5__3_____2_IT_1_5_8__505_TI_C_13,,,,5__3___,5__3_____2_IT_1,5_8,5_8_,5_8_505,
51,5,345745,C9,C-9,1,1,16,,527,1,TI,C,CERCEDILLA,28,038,CERCEDILLA,C2,Calle del Cascajal N 7,20110919,20110922,,0,0,5,93_169,,,5__9_____1_IT_1_5_16__527_TI_C_1,,,,5__9___,5__9_____1_IT_1,5_16,5_16_,5_16_527,
52,5,345746,C9,C-9,2,1,16,,528,3,TI,C,CERCEDILLA,28,038,CERCEDILLA,C2,Calle del Cascajal N 7,20110919,20110922,,11057.6529,30,5,93_169,,,5__9_____2_IT_1_5_16__528_TI_C_3,,,,5__9___,5__9_____2_IT_1,5_16,5_16_,5_16_528,
53,5,364228,C8,C-8,1,1,16,,528,32,TI,T,CERCEDILLA,28,038,CERCEDILLA,C2,Calle del Cascajal N 7,20190919,20181105,,5311.5438,30,5,93_169,,,5__8_____1_IT_1_5_16__528_TI_T_32,,,,5__8___,5__8_____1_IT_1,5_16,5_16_,5_16_528,
54,5,364229,C8,C-8,2,1,16,,527,1,TI,T,CERCEDILLA,28,038,CERCEDILLA,C2,Calle del Cascajal N 7,20190919,20181105,,0,0,5,93_169,,,5__8_____2_IT_1_5_16__527_TI_T_1,,,,5__8___,5__8_____2_IT_1,5_16,5_16_,5_16_527,
55,5,345745,C9,C-9,1,1,63,,621,2,TI,I,PUERTO NAVACERRADA,28,038,CERCEDILLA,C2,Calle de la Virgen de las Nieves N 7,20110919,20110922,,11042.3676,30,5,93_308,,,5__9_____1_IT_1_5_63__621_TI_I_2,,,,5__9___,5__9_____1_IT_1,5_63,5_63_,5_63_621,
56,5,345746,C9,C-9,2,1,63,,622,2,TI,I,PUERTO NAVACERRADA,28,038,CERCEDILLA,C2,Calle de la Virgen de las Nieves N 7,20110919,20110922,,7068.9654,30,5,93_308,,,5__9_____2_IT_1_5_63__622_TI_I_2,,,,5__9___,5__9_____2_IT_1,5_63,5_63_,5_63_622,
57,5,364222,C3,C-3,1,1,19,,534,2,TI,I,CIEMPOZUELOS,28,040,CIEMPOZUELOS,B3,Avda de San Juan de Dios N 7,20190919,20181105,,14698.6256,30,5,93_171,,,5__3_____1_IT_1_5_19__534_TI_I_2,,,,5__3___,5__3_____1_IT_1,5_19,5_19_,5_19_534,
58,5,364223,C3,C-3,2,1,19,,533,12,TI,I,CIEMPOZUELOS,28,040,CIEMPOZUELOS,B3,Avda de San Juan de Dios N 7,20190919,20181105,,6510.7527,30,5,93_171,,,5__3_____2_IT_1_5_19__533_TI_I_12,,,,5__3___,5__3_____2_IT_1,5_19,5_19_,5_19_533,
59,5,340744,C4B,C-4b,1,1,21,,538,15,TI,T,COLMENAR VIEJO,28,045,COLMENAR VIEJO,B3,Calle de la Doctora Nogales de la Morena SN SN,20090625,20090625,,10783.7541,30,5,93_174,,,5__4_B____1_IT_1_5_21__538_TI_T_15,,,,5__4_B__,5__4_B____1_IT_1,5_21,5_21_,5_21_538,
60,5,340745,C4B,C-4b,2,1,21,,537,1,TI,T,COLMENAR VIEJO,28,045,COLMENAR VIEJO,B3,Calle de la Doctora Nogales de la Morena SN SN,20090625,20090625,,0,0,5,93_174,,,5__4_B____2_IT_1_5_21__537_TI_T_1,,,,5__4_B__,5__4_B____2_IT_1,5_21,5_21_,5_21_537,
61,5,364228,C8,C-8,1,1,20,,535,30,TI,I,COLLADO MEDIANO,28,046,COLLADO MEDIANO,C1,Paseo de los Rosales N 47,20190919,20181105,,6016.2994,30,5,93_173,,,5__8_____1_IT_1_5_20__535_TI_I_30,,,,5__8___,5__8_____1_IT_1,5_20,5_20_,5_20_535,
62,5,364229,C8,C-8,2,1,20,,536,3,TI,I,COLLADO MEDIANO,28,046,COLLADO MEDIANO,C1,Paseo de los Rosales N 47,20190919,20181105,,3735.8039,30,5,93_173,,,5__8_____2_IT_1_5_20__536_TI_I_3,,,,5__8___,5__8_____2_IT_1,5_20,5_20_,5_20_536,
63,5,361622,C10,C-10,1,1,91,,682,1,TI,C,VILLALBA,28,047,COLLADO VILLALBA,B3,Plaza de la Estación N 1,20180312,20170126,,0,0,5,92_371,,,5__10_____1_IT_1_5_91__682_TI_C_1,,,,5__10___,5__10_____1_IT_1,5_91,5_91_,5_91_682,
64,5,361623,C10,C-10,2,1,91,,681,21,TI,C,VILLALBA,28,047,COLLADO VILLALBA,B3,Plaza de la Estación N 1,20180312,20170126,,3867.5876,30,5,92_371,,,5__10_____2_IT_1_5_91__681_TI_C_21,,,,5__10___,5__10_____2_IT_1,5_91,5_91_,5_91_681,
65,5,364228,C8,C-8,1,1,91,,681,27,TI,I,VILLALBA,28,047,COLLADO VILLALBA,B3,Plaza de la Estación N 1,20190919,20181105,,3867.5876,30,5,92_371,,,5__8_____1_IT_1_5_91__681_TI_I_27,,,,5__8___,5__8_____1_IT_1,5_91,5_91_,5_91_681,
66,5,364229,C8,C-8,2,1,91,,682,6,TI,I,VILLALBA,28,047,COLLADO VILLALBA,B3,Plaza de la Estación N 1,20190919,20181105,,1960.5348,30,5,92_371,,,5__8_____2_IT_1_5_91__682_TI_I_6,,,,5__8___,5__8_____2_IT_1,5_91,5_91_,5_91_682,
67,5,370837,C8A,C-8a,1,1,91,,681,27,TI,I,VILLALBA,28,047,COLLADO VILLALBA,B3,Plaza de la Estación N 1,20240125,20240101,,,30,5,92_371,,,5__8_A____1_IT_1_5_91__681_TI_I_27,,,,5__8_A__,5__8_A____1_IT_1,5_91,5_91_,5_91_681,
68,5,370838,C8A,C-8a,2,1,91,,682,7,TI,I,VILLALBA,28,047,COLLADO VILLALBA,B3,Plaza de la Estación N 1,20240125,20240101,,2288.7713,30,5,92_371,,,5__8_A____2_IT_1_5_91__682_TI_I_7,,,,5__8_A__,5__8_A____2_IT_1,5_91,5_91_,5_91_682,
69,5,330338,C2,C-2,1,1,22,,539,10,TI,I,COSLADA,28,049,COSLADA,B1,Calle de Luis Braille N 8,20010621,19930101,,3258.8885,30,5,92_87,,,5__2_____1_IT_1_5_22__539_TI_I_10,,,,5__2___,5__2_____1_IT_1,5_22,5_22_,5_22_539,
70,5,330357,C2,C-2,2,1,22,,540,10,TI,I,COSLADA,28,049,COSLADA,B1,Calle de Luis Braille N 8,20010621,19930101,,3843.6997,30,5,92_87,,,5__2_____2_IT_1_5_22__540_TI_I_10,,,,5__2___,5__2_____2_IT_1,5_22,5_22_,5_22_540,
71,5,364227,C7,C-7,2,1,22,,540,19,TI,I,COSLADA,28,049,COSLADA,B1,Calle de Luis Braille N 8,20190919,20181105,,3843.6997,30,5,92_87,,,5__7_____2_IT_1_5_22__540_TI_I_19,,,,5__7___,5__7_____2_IT_1,5_22,5_22_,5_22_540,
72,5,364228,C8,C-8,1,1,22,,539,10,TI,I,COSLADA,28,049,COSLADA,B1,Calle de Luis Braille N 8,20190919,20181105,,3258.8885,30,5,92_87,,,5__8_____1_IT_1_5_22__539_TI_I_10,,,,5__8___,5__8_____1_IT_1,5_22,5_22_,5_22_539,
73,5,364229,C8,C-8,2,1,22,,540,23,TI,I,COSLADA,28,049,COSLADA,B1,Calle de Luis Braille N 8,20190919,20181105,,3843.6997,30,5,92_87,,,5__8_____2_IT_1_5_22__540_TI_I_23,,,,5__8___,5__8_____2_IT_1,5_22,5_22_,5_22_540,
74,5,364226,C7,C-7,1,1,22,,539,6,TI,I,COSLADA,28,049,COSLADA,B1,Calle de Luis Braille N 8,20190919,20181105,,3258.8885,30,5,92_87,,,5__7_____1_IT_1_5_22__539_TI_I_6,,,,5__7___,5__7_____1_IT_1,5_22,5_22_,5_22_539,
75,5,370837,C8A,C-8a,1,1,22,,539,10,TI,I,COSLADA,28,049,COSLADA,B1,Calle de Luis Braille N 8,20240125,20240101,,,30,5,92_87,,,5__8_A____1_IT_1_5_22__539_TI_I_10,,,,5__8_A__,5__8_A____1_IT_1,5_22,5_22_,5_22_539,
76,5,370838,C8A,C-8a,2,1,22,,540,24,TI,I,COSLADA,28,049,COSLADA,B1,Calle de Luis Braille N 8,20240125,20240101,,3843.6997,30,5,92_87,,,5__8_A____2_IT_1_5_22__540_TI_I_24,,,,5__8_A__,5__8_A____2_IT_1,5_22,5_22_,5_22_540,
77,5,330338,C2,C-2,1,1,71,,637,9,TI,I,SAN FERNANDO,28,049,COSLADA,B1,Calle   Estación de ferrocarril N 6,20010621,19930101,,4812.5564,30,5,93_333,,,5__2_____1_IT_1_5_71__637_TI_I_9,,,,5__2___,5__2_____1_IT_1,5_71,5_71_,5_71_637,
78,5,330357,C2,C-2,2,1,71,,638,11,TI,I,SAN FERNANDO,28,049,COSLADA,B1,Calle   Estación de ferrocarril N 6,20010621,19930101,,3253.9267,30,5,93_333,,,5__2_____2_IT_1_5_71__638_TI_I_11,,,,5__2___,5__2_____2_IT_1,5_71,5_71_,5_71_638,
79,5,364227,C7,C-7,2,1,71,,638,20,TI,I,SAN FERNANDO,28,049,COSLADA,B1,Calle   Estación de ferrocarril N 6,20190919,20181105,,3253.9267,30,5,93_333,,,5__7_____2_IT_1_5_71__638_TI_I_20,,,,5__7___,5__7_____2_IT_1,5_71,5_71_,5_71_638,
80,5,364228,C8,C-8,1,1,71,,637,9,TI,I,SAN FERNANDO,28,049,COSLADA,B1,Calle   Estación de ferrocarril N 6,20190919,20181105,,4812.5564,30,5,93_333,,,5__8_____1_IT_1_5_71__637_TI_I_9,,,,5__8___,5__8_____1_IT_1,5_71,5_71_,5_71_637,
81,5,364229,C8,C-8,2,1,71,,638,24,TI,I,SAN FERNANDO,28,049,COSLADA,B1,Calle   Estación de ferrocarril N 6,20190919,20181105,,3253.9267,30,5,93_333,,,5__8_____2_IT_1_5_71__638_TI_I_24,,,,5__8___,5__8_____2_IT_1,5_71,5_71_,5_71_638,
82,5,364226,C7,C-7,1,1,71,,637,5,TI,I,SAN FERNANDO,28,049,COSLADA,B1,Calle   Estación de ferrocarril N 6,20190919,20181105,,4812.5564,30,5,93_333,,,5__7_____1_IT_1_5_71__637_TI_I_5,,,,5__7___,5__7_____1_IT_1,5_71,5_71_,5_71_637,
83,5,370837,C8A,C-8a,1,1,71,,637,9,TI,I,SAN FERNANDO,28,049,COSLADA,B1,Calle   Estación de ferrocarril N 6,20240125,20240101,,,30,5,93_333,,,5__8_A____1_IT_1_5_71__637_TI_I_9,,,,5__8_A__,5__8_A____1_IT_1,5_71,5_71_,5_71_637,
84,5,370838,C8A,C-8a,2,1,71,,638,25,TI,I,SAN FERNANDO,28,049,COSLADA,B1,Calle   Estación de ferrocarril N 6,20240125,20240101,,3253.9267,30,5,93_333,,,5__8_A____2_IT_1_5_71__638_TI_I_25,,,,5__8_A__,5__8_A____2_IT_1,5_71,5_71_,5_71_638,
85,5,370837,C8A,C-8a,1,1,29,,553,30,TI,I,"ESCORIAL, EL",28,054,"ESCORIAL, EL",C1,Calle   Estación Renfe N 5,20240125,20240101,,8647.2794,30,5,93_206,,,5__8_A____1_IT_1_5_29__553_TI_I_30,,,,5__8_A__,5__8_A____1_IT_1,5_29,5_29_,5_29_553,
86,5,370838,C8A,C-8a,2,1,29,,554,4,TI,I,"ESCORIAL, EL",28,054,"ESCORIAL, EL",C1,Calle   Estación Renfe N 5,20240125,20240101,,6346.7506,30,5,93_206,,,5__8_A____2_IT_1_5_29__554_TI_I_4,,,,5__8_A__,5__8_A____2_IT_1,5_29,5_29_,5_29_554,
87,5,370837,C8A,C-8a,1,1,96,,691,29,TI,I,"ZORRERAS, LAS",28,054,"ESCORIAL, EL",C1,Calle   Alcudia N 26,20240125,20240101,,1518.0808,30,5,93_376,,,5__8_A____1_IT_1_5_96__691_TI_I_29,,,,5__8_A__,5__8_A____1_IT_1,5_96,5_96_,5_96_691,
88,5,370838,C8A,C-8a,2,1,96,,692,5,TI,I,"ZORRERAS, LAS",28,054,"ESCORIAL, EL",C1,Calle   Alcudia N 26,20240125,20240101,,8644.2865,30,5,93_376,,,5__8_A____2_IT_1_5_96__692_TI_I_5,,,,5__8_A__,5__8_A____2_IT_1,5_96,5_96_,5_96_692,
89,5,332751,C5,C-5,1,1,32,,559,22,TI,I,FUENLABRADA,28,058,FUENLABRADA,B2,Plaza  Constitución N 1,20040303,20040228,,1595.501,30,5,92_91,,,5__5_____1_IT_1_5_32__559_TI_I_22,,,,5__5___,5__5_____1_IT_1,5_32,5_32_,5_32_559,
90,5,332752,C5,C-5,2,1,32,,560,2,TI,I,FUENLABRADA,28,058,FUENLABRADA,B2,Plaza  Constitución N 1,20040303,20040228,,3967.0159,30,5,92_91,,,5__5_____2_IT_1_5_32__560_TI_I_2,,,,5__5___,5__5_____2_IT_1,5_32,5_32_,5_32_560,
91,5,332751,C5,C-5,1,1,77,,651,21,TI,I,"SERNA, LA",28,058,FUENLABRADA,B2,Calle   Barcelona N 28,20040303,20040228,,1917.1779,30,5,93_343,,,5__5_____1_IT_1_5_77__651_TI_I_21,,,,5__5___,5__5_____1_IT_1,5_77,5_77_,5_77_651,
92,5,332752,C5,C-5,2,1,77,,652,3,TI,I,"SERNA, LA",28,058,FUENLABRADA,B2,Calle   Barcelona N 28,20040303,20040228,,1595.0507,30,5,93_343,,,5__5_____2_IT_1_5_77__652_TI_I_3,,,,5__5___,5__5_____2_IT_1,5_77,5_77_,5_77_652,
93,5,361622,C10,C-10,1,1,33,,562,2,TI,I,GALAPAGAR-LA NAVATA,28,061,GALAPAGAR,B3,Ctra de Galapagar-La Navata N 154,20180312,20170126,,3862.7986,30,5,93_217,,,5__10_____1_IT_1_5_33__562_TI_I_2,,,,5__10___,5__10_____1_IT_1,5_33,5_33_,5_33_562,
94,5,361623,C10,C-10,2,1,33,,561,20,TI,I,GALAPAGAR-LA NAVATA,28,061,GALAPAGAR,B3,Ctra de Galapagar-La Navata N 154,20180312,20170126,,3862.1467,30,5,93_217,,,5__10_____2_IT_1_5_33__561_TI_I_20,,,,5__10___,5__10_____2_IT_1,5_33,5_33_,5_33_561,
95,5,364228,C8,C-8,1,1,33,,561,26,TI,I,GALAPAGAR-LA NAVATA,28,061,GALAPAGAR,B3,Ctra de Galapagar-La Navata N 154,20190919,20181105,,3862.1467,30,5,93_217,,,5__8_____1_IT_1_5_33__561_TI_I_26,,,,5__8___,5__8_____1_IT_1,5_33,5_33_,5_33_561,
96,5,364229,C8,C-8,2,1,33,,562,7,TI,I,GALAPAGAR-LA NAVATA,28,061,GALAPAGAR,B3,Ctra de Galapagar-La Navata N 154,20190919,20181105,,3862.7986,30,5,93_217,,,5__8_____2_IT_1_5_33__562_TI_I_7,,,,5__8___,5__8_____2_IT_1,5_33,5_33_,5_33_562,
97,5,370837,C8A,C-8a,1,1,33,,561,26,TI,I,GALAPAGAR-LA NAVATA,28,061,GALAPAGAR,B3,Ctra de Galapagar-La Navata N 154,20240125,20240101,,,30,5,93_217,,,5__8_A____1_IT_1_5_33__561_TI_I_26,,,,5__8_A__,5__8_A____1_IT_1,5_33,5_33_,5_33_561,
98,5,370838,C8A,C-8a,2,1,33,,562,8,TI,I,GALAPAGAR-LA NAVATA,28,061,GALAPAGAR,B3,Ctra de Galapagar-La Navata N 154,20240125,20240101,,3862.7986,30,5,93_217,,,5__8_A____2_IT_1_5_33__562_TI_I_8,,,,5__8_A__,5__8_A____2_IT_1,5_33,5_33_,5_33_562,
99,5,370837,C8A,C-8a,1,1,74,,643,28,TI,I,SAN YAGO,28,061,GALAPAGAR,C1,Avda   Saltos del Sil N 1,20240125,20240101,,2291.9779,30,5,93_339,,,5__8_A____1_IT_1_5_74__643_TI_I_28,,,,5__8_A__,5__8_A____1_IT_1,5_74,5_74_,5_74_643,
100,5,370838,C8A,C-8a,2,1,74,,644,6,TI,I,SAN YAGO,28,061,GALAPAGAR,C1,Avda   Saltos del Sil N 1,20240125,20240101,,1517.7938,30,5,93_339,,,5__8_A____2_IT_1_5_74__644_TI_I_6,,,,5__8_A__,5__8_A____2_IT_1,5_74,5_74_,5_74_644,
101,5,340742,C4A,C-4a,1,1,34,,564,3,TI,I,GETAFE CENTRO,28,065,GETAFE,B1,Calle  Ferrocarril N 2,20090625,20090625,,2459.0417,30,5,92_92,,,5__4_A____1_IT_1_5_34__564_TI_I_3,,,,5__4_A__,5__4_A____1_IT_1,5_34,5_34_,5_34_564,
102,5,340743,C4A,C-4a,2,1,34,,563,13,TI,I,GETAFE CENTRO,28,065,GETAFE,B1,Calle  Ferrocarril N 2,20090625,20090625,,1528.8175,30,5,92_92,,,5__4_A____2_IT_1_5_34__563_TI_I_13,,,,5__4_A__,5__4_A____2_IT_1,5_34,5_34_,5_34_563,
103,5,340744,C4B,C-4b,1,1,34,,564,3,TI,I,GETAFE CENTRO,28,065,GETAFE,B1,Calle  Ferrocarril N 2,20090625,20090625,,2459.0417,30,5,92_92,,,5__4_B____1_IT_1_5_34__564_TI_I_3,,,,5__4_B__,5__4_B____1_IT_1,5_34,5_34_,5_34_564,
104,5,340745,C4B,C-4b,2,1,34,,563,13,TI,I,GETAFE CENTRO,28,065,GETAFE,B1,Calle  Ferrocarril N 2,20090625,20090625,,1528.817,30,5,92_92,,,5__4_B____2_IT_1_5_34__563_TI_I_13,,,,5__4_B__,5__4_B____2_IT_1,5_34,5_34_,5_34_563,
105,5,364222,C3,C-3,1,1,35,,566,5,TI,I,GETAFE INDUSTRIAL,28,065,GETAFE,B1,Paseo de John Lennon N 15400,20190919,20181105,,6981.2967,30,5,93_219,,,5__3_____1_IT_1_5_35__566_TI_I_5,,,,5__3___,5__3_____1_IT_1,5_35,5_35_,5_35_566,
106,5,364223,C3,C-3,2,1,35,,565,9,TI,I,GETAFE INDUSTRIAL,28,065,GETAFE,B1,Paseo de John Lennon N 15400,20190919,20181105,,1473.161,30,5,93_219,,,5__3_____2_IT_1_5_35__565_TI_I_9,,,,5__3___,5__3_____2_IT_1,5_35,5_35_,5_35_565,
107,5,340742,C4A,C-4a,1,1,36,,568,2,TI,I,GETAFE SECTOR 3,28,065,GETAFE,B1,Calle del Cementerio Municipal SN SN,20090625,20090625,,7874.7103,30,5,93_220,,,5__4_A____1_IT_1_5_36__568_TI_I_2,,,,5__4_A__,5__4_A____1_IT_1,5_36,5_36_,5_36_568,
108,5,340743,C4A,C-4a,2,1,36,,567,14,TI,I,GETAFE SECTOR 3,28,065,GETAFE,B1,Calle del Cementerio Municipal SN SN,20090625,20090625,,2461.0279,30,5,93_220,,,5__4_A____2_IT_1_5_36__567_TI_I_14,,,,5__4_A__,5__4_A____2_IT_1,5_36,5_36_,5_36_567,
109,5,340744,C4B,C-4b,1,1,36,,568,2,TI,I,GETAFE SECTOR 3,28,065,GETAFE,B1,Calle del Cementerio Municipal SN SN,20090625,20090625,,7874.7103,30,5,93_220,,,5__4_B____1_IT_1_5_36__568_TI_I_2,,,,5__4_B__,5__4_B____1_IT_1,5_36,5_36_,5_36_568,
110,5,340745,C4B,C-4b,2,1,36,,567,14,TI,I,GETAFE SECTOR 3,28,065,GETAFE,B1,Calle del Cementerio Municipal SN SN,20090625,20090625,,2461.028,30,5,93_220,,,5__4_B____2_IT_1_5_36__567_TI_I_14,,,,5__4_B__,5__4_B____2_IT_1,5_36,5_36_,5_36_567,
111,5,340742,C4A,C-4a,1,1,43,,582,4,TI,I,"MARGARITAS-UNIVERSIDAD, LAS",28,065,GETAFE,B1,Calle   Madrid N 152,20090625,20090625,,1528.816,30,5,92_267,,,5__4_A____1_IT_1_5_43__582_TI_I_4,,,,5__4_A__,5__4_A____1_IT_1,5_43,5_43_,5_43_582,
112,5,340743,C4A,C-4a,2,1,43,,581,12,TI,I,"MARGARITAS-UNIVERSIDAD, LAS",28,065,GETAFE,B1,Calle   Madrid N 152,20090625,20090625,,2700.7198,30,5,92_267,,,5__4_A____2_IT_1_5_43__581_TI_I_12,,,,5__4_A__,5__4_A____2_IT_1,5_43,5_43_,5_43_581,
113,5,340744,C4B,C-4b,1,1,43,,582,4,TI,I,"MARGARITAS-UNIVERSIDAD, LAS",28,065,GETAFE,B1,Calle   Madrid N 152,20090625,20090625,,1528.8163,30,5,92_267,,,5__4_B____1_IT_1_5_43__582_TI_I_4,,,,5__4_B__,5__4_B____1_IT_1,5_43,5_43_,5_43_582,
114,5,340745,C4B,C-4b,2,1,43,,581,12,TI,I,"MARGARITAS-UNIVERSIDAD, LAS",28,065,GETAFE,B1,Calle   Madrid N 152,20090625,20090625,,2700.7198,30,5,92_267,,,5__4_B____2_IT_1_5_43__581_TI_I_12,,,,5__4_B__,5__4_B____2_IT_1,5_43,5_43_,5_43_581,
115,5,364222,C3,C-3,1,1,103,,526,6,TI,I,"CASAR, EL",28,065,GETAFE,B1,Avda del Casar N 2,20190919,20181105,,1473.6192,30,5,92_93,,,5__3_____1_IT_1_5_103__526_TI_I_6,,,,5__3___,5__3_____1_IT_1,5_103,5_103_,5_103_526,
116,5,364223,C3,C-3,2,1,103,,525,8,TI,I,"CASAR, EL",28,065,GETAFE,B1,Avda del Casar N 2,20190919,20181105,,1891.688,30,5,92_93,,,5__3_____2_IT_1_5_103__525_TI_I_8,,,,5__3___,5__3_____2_IT_1,5_103,5_103_,5_103_525,
117,5,332751,C5,C-5,1,1,104,,693,23,TI,T,HUMANES,28,073,HUMANES DE MADRID,B3,Calle   Cenicientos N 26,20040303,20040228,,3965.7519,30,5,93_235,,,5__5_____1_IT_1_5_104__693_TI_T_23,,,,5__5___,5__5_____1_IT_1,5_104,5_104_,5_104_693,
118,5,332752,C5,C-5,2,1,104,,694,1,TI,T,HUMANES,28,073,HUMANES DE MADRID,B3,Calle   Cenicientos N 26,20040303,20040228,,0,0,5,93_235,,,5__5_____2_IT_1_5_104__694_TI_T_1,,,,5__5___,5__5_____2_IT_1,5_104,5_104_,5_104_694,
119,5,332751,C5,C-5,1,1,41,,577,19,TI,I,LEGANES,28,074,LEGANES,B1,Calle  Virgen del Camino N 1,20040303,20040228,,2483.6878,30,5,92_88,,,5__5_____1_IT_1_5_41__577_TI_I_19,,,,5__5___,5__5_____1_IT_1,5_41,5_41_,5_41_577,
120,5,332752,C5,C-5,2,1,41,,578,5,TI,I,LEGANES,28,074,LEGANES,B1,Calle  Virgen del Camino N 1,20040303,20040228,,2105.8752,30,5,92_88,,,5__5_____2_IT_1_5_41__578_TI_I_5,,,,5__5___,5__5_____2_IT_1,5_41,5_41_,5_41_578,
121,5,332752,C5,C-5,2,1,95,,690,6,TI,I,ZARZAQUEMADA,28,074,LEGANES,B1,Avda   Europa N 14,20040303,20040228,,2478.9478,30,5,93_374,,,5__5_____2_IT_1_5_95__690_TI_I_6,,,,5__5___,5__5_____2_IT_1,5_95,5_95_,5_95_690,
122,5,332751,C5,C-5,1,1,95,,689,18,TI,I,ZARZAQUEMADA,28,074,LEGANES,B1,Avda   Europa N 14,20040303,20040228,,3116.5934,30,5,93_374,,,5__5_____1_IT_1_5_95__689_TI_I_18,,,,5__5___,5__5_____1_IT_1,5_95,5_95_,5_95_689,
123,5,332751,C5,C-5,1,1,105,,695,20,TI,I,PARQUE POLVORANCA,28,074,LEGANES,B1,Calle   Alcalde Francisco Moreno Menéndez N 4,20040303,20040228,,2106.7073,30,5,93_295,,,5__5_____1_IT_1_5_105__695_TI_I_20,,,,5__5___,5__5_____1_IT_1,5_105,5_105_,5_105_695,
124,5,332752,C5,C-5,2,1,105,,696,4,TI,I,PARQUE POLVORANCA,28,074,LEGANES,B1,Calle   Alcalde Francisco Moreno Menéndez N 4,20040303,20040228,,1917.0678,30,5,93_295,,,5__5_____2_IT_1_5_105__696_TI_I_4,,,,5__5___,5__5_____2_IT_1,5_105,5_105_,5_105_696,
125,5,332752,C5,C-5,2,1,1,,492,17,TI,I,"ÁGUILAS, LAS",28,079,MADRID,A,Avda del General Fanjul N 110,20040303,20040228,,1041.2491,30,5,93_120,,,5__5_____2_IT_1_5_1__492_TI_I_17,,,,5__5___,5__5_____2_IT_1,5_1,5_1_,5_1_492,
126,5,332751,C5,C-5,1,1,1,,491,7,TI,I,"ÁGUILAS, LAS",28,079,MADRID,A,Avda del General Fanjul N 110,20040303,20040228,,1087.0625,30,5,93_120,,,5__5_____1_IT_1_5_1__491_TI_I_7,,,,5__5___,5__5_____1_IT_1,5_1,5_1_,5_1_491,
127,5,332752,C5,C-5,2,1,7,,504,15,TI,I,ALUCHE,28,079,MADRID,A,Calle de Valmojado N 293,20040303,20040228,,2481.5173,30,5,90_1,,,5__5_____2_IT_1_5_7__504_TI_I_15,,,,5__5___,5__5_____2_IT_1,5_7,5_7_,5_7_504,
128,5,332751,C5,C-5,1,1,7,,503,9,TI,I,ALUCHE,28,079,MADRID,A,Calle de Valmojado N 293,20040303,20040228,,593.0051,30,5,90_1,,,5__5_____1_IT_1_5_7__503_TI_I_9,,,,5__5___,5__5_____1_IT_1,5_7,5_7_,5_7_503,
129,5,361622,C10,C-10,1,1,9,,507,10,TI,I,ARAVACA,28,079,MADRID,A,Calle de la Golondrina N 104,20180312,20170126,,1211.0706,30,5,92_94,,,5__10_____1_IT_1_5_9__507_TI_I_10,,,,5__10___,5__10_____1_IT_1,5_9,5_9_,5_9_507,
130,5,361623,C10,C-10,2,1,9,,508,12,TI,I,ARAVACA,28,079,MADRID,A,Calle de la Golondrina N 104,20180312,20170126,,6744.7569,30,5,92_94,,,5__10_____2_IT_1_5_9__508_TI_I_12,,,,5__10___,5__10_____2_IT_1,5_9,5_9_,5_9_508,
131,5,364226,C7,C-7,1,1,9,,507,23,TI,I,ARAVACA,28,079,MADRID,A,Calle de la Golondrina N 104,20190919,20181105,,1211.0706,30,5,92_94,,,5__7_____1_IT_1_5_9__507_TI_I_23,,,,5__7___,5__7_____1_IT_1,5_9,5_9_,5_9_507,
132,5,364227,C7,C-7,2,1,9,,508,2,TI,I,ARAVACA,28,079,MADRID,A,Calle de la Golondrina N 104,20190919,20181105,,6744.1825,30,5,92_94,,,5__7_____2_IT_1_5_9__508_TI_I_2,,,,5__7___,5__7_____2_IT_1,5_9,5_9_,5_9_508,
133,5,330338,C2,C-2,1,1,10,,511,15,TI,I,ASAMBLEA DE MADRID-ENTREVÍAS,28,079,MADRID,A,Calle del Vizconde de Arlessón N 45,20010621,19930101,,1188.7831,30,5,93_145,,,5__2_____1_IT_1_5_10__511_TI_I_15,,,,5__2___,5__2_____1_IT_1,5_10,5_10_,5_10_511,
134,5,330357,C2,C-2,2,1,10,,512,5,TI,I,ASAMBLEA DE MADRID-ENTREVÍAS,28,079,MADRID,A,Calle del Vizconde de Arlessón N 45,20010621,19930101,,3191.7312,30,5,93_145,,,5__2_____2_IT_1_5_10__512_TI_I_5,,,,5__2___,5__2_____2_IT_1,5_10,5_10_,5_10_512,
135,5,364227,C7,C-7,2,1,10,,512,14,TI,I,ASAMBLEA DE MADRID-ENTREVÍAS,28,079,MADRID,A,Calle del Vizconde de Arlessón N 45,20190919,20181105,,3191.7312,30,5,93_145,,,5__7_____2_IT_1_5_10__512_TI_I_14,,,,5__7___,5__7_____2_IT_1,5_10,5_10_,5_10_512,
136,5,364228,C8,C-8,1,1,10,,511,15,TI,I,ASAMBLEA DE MADRID-ENTREVÍAS,28,079,MADRID,A,Calle del Vizconde de Arlessón N 45,20190919,20181105,,1188.7831,30,5,93_145,,,5__8_____1_IT_1_5_10__511_TI_I_15,,,,5__8___,5__8_____1_IT_1,5_10,5_10_,5_10_511,
137,5,364229,C8,C-8,2,1,10,,512,18,TI,I,ASAMBLEA DE MADRID-ENTREVÍAS,28,079,MADRID,A,Calle del Vizconde de Arlessón N 45,20190919,20181105,,3191.7312,30,5,93_145,,,5__8_____2_IT_1_5_10__512_TI_I_18,,,,5__8___,5__8_____2_IT_1,5_10,5_10_,5_10_512,
138,5,364226,C7,C-7,1,1,10,,511,11,TI,I,ASAMBLEA DE MADRID-ENTREVÍAS,28,079,MADRID,A,Calle del Vizconde de Arlessón N 45,20190919,20181105,,1188.7831,30,5,93_145,,,5__7_____1_IT_1_5_10__511_TI_I_11,,,,5__7___,5__7_____1_IT_1,5_10,5_10_,5_10_511,
139,5,370837,C8A,C-8a,1,1,10,,511,15,TI,I,ASAMBLEA DE MADRID-ENTREVÍAS,28,079,MADRID,A,Calle del Vizconde de Arlessón N 45,20240125,20240101,,,30,5,93_145,,,5__8_A____1_IT_1_5_10__511_TI_I_15,,,,5__8_A__,5__8_A____1_IT_1,5_10,5_10_,5_10_511,
140,5,370838,C8A,C-8a,2,1,10,,512,19,TI,I,ASAMBLEA DE MADRID-ENTREVÍAS,28,079,MADRID,A,Calle del Vizconde de Arlessón N 45,20240125,20240101,,3191.7312,30,5,93_145,,,5__8_A____2_IT_1_5_10__512_TI_I_19,,,,5__8_A__,5__8_A____2_IT_1,5_10,5_10_,5_10_512,
141,5,340742,C4A,C-4a,1,1,11,,1098,7,TI,I,ATOCHA,28,079,MADRID,A,Avda de la Ciudad de Barcelona N 2B,20090625,20090625,,6726.8171,30,5,90_54,,,5__4_A____1_IT_1_5_11__1098_TI_I_7,,,,5__4_A__,5__4_A____1_IT_1,5_11,5_11_,5_11_1098,
142,5,330357,C2,C-2,2,1,11,,1095,4,TI,I,ATOCHA,28,079,MADRID,A,Avda de la Ciudad de Barcelona N 2B,20010621,19930101,,2316.1435,30,5,90_54,,,5__2_____2_IT_1_5_11__1095_TI_I_4,,,,5__2___,5__2_____2_IT_1,5_11,5_11_,5_11_1095,
143,5,340743,C4A,C-4a,2,1,11,,1102,9,TI,I,ATOCHA,28,079,MADRID,A,Avda de la Ciudad de Barcelona N 2B,20090625,20090625,,2029.7046,30,5,90_54,,,5__4_A____2_IT_1_5_11__1102_TI_I_9,,,,5__4_A__,5__4_A____2_IT_1,5_11,5_11_,5_11_1102,
144,5,332751,C5,C-5,1,1,11,,1100,12,TI,I,ATOCHA,28,079,MADRID,A,Avda de la Ciudad de Barcelona N 2B,20040303,20040228,,1541.1228,30,5,90_54,,,5__5_____1_IT_1_5_11__1100_TI_I_12,,,,5__5___,5__5_____1_IT_1,5_11,5_11_,5_11_1100,
145,5,330338,C2,C-2,1,1,11,,513,16,TI,I,ATOCHA,28,079,MADRID,A,Avda de la Ciudad de Barcelona N 2B,20010621,19930101,,3194.768,30,5,90_54,,,5__2_____1_IT_1_5_11__513_TI_I_16,,,,5__2___,5__2_____1_IT_1,5_11,5_11_,5_11_513,
146,5,340744,C4B,C-4b,1,1,11,,1098,7,TI,I,ATOCHA,28,079,MADRID,A,Avda de la Ciudad de Barcelona N 2B,20090625,20090625,,6726.8171,30,5,90_54,,,5__4_B____1_IT_1_5_11__1098_TI_I_7,,,,5__4_B__,5__4_B____1_IT_1,5_11,5_11_,5_11_1098,
147,5,340745,C4B,C-4b,2,1,11,,1102,9,TI,I,ATOCHA,28,079,MADRID,A,Avda de la Ciudad de Barcelona N 2B,20090625,20090625,,2029.7046,30,5,90_54,,,5__4_B____2_IT_1_5_11__1102_TI_I_9,,,,5__4_B__,5__4_B____2_IT_1,5_11,5_11_,5_11_1102,
148,5,332752,C5,C-5,2,1,11,,1099,12,TI,I,ATOCHA,28,079,MADRID,A,Avda de la Ciudad de Barcelona N 2B,20040303,20040228,,1311.1064,30,5,90_54,,,5__5_____2_IT_1_5_11__1099_TI_I_12,,,,5__5___,5__5_____2_IT_1,5_11,5_11_,5_11_1099,
149,5,345689,C1,C-1,2,1,11,,1096,7,TI,I,ATOCHA,28,079,MADRID,A,Avda de la Ciudad de Barcelona N 2B,20110914,20110922,,2316.6154,30,5,90_54,,,5__1_____2_IT_1_5_11__1096_TI_I_7,,,,5__1___,5__1_____2_IT_1,5_11,5_11_,5_11_1096,
150,5,345688,C1,C-1,1,1,11,,513,5,TI,I,ATOCHA,28,079,MADRID,A,Avda de la Ciudad de Barcelona N 2B,20110914,20110922,,1439.1841,30,5,90_54,,,5__1_____1_IT_1_5_11__513_TI_I_5,,,,5__1___,5__1_____1_IT_1,5_11,5_11_,5_11_513,
151,5,361622,C10,C-10,1,1,11,,514,15,TI,I,ATOCHA,28,079,MADRID,A,Avda de la Ciudad de Barcelona N 2B,20180312,20170126,,1437.2435,30,5,90_54,,,5__10_____1_IT_1_5_11__514_TI_I_15,,,,5__10___,5__10_____1_IT_1,5_11,5_11_,5_11_514,
152,5,361623,C10,C-10,2,1,11,,1096,7,TI,I,ATOCHA,28,079,MADRID,A,Avda de la Ciudad de Barcelona N 2B,20180312,20170126,,2316.6154,30,5,90_54,,,5__10_____2_IT_1_5_11__1096_TI_I_7,,,,5__10___,5__10_____2_IT_1,5_11,5_11_,5_11_1096,
153,5,364227,C7,C-7,2,1,11,,1095,13,TI,I,ATOCHA,28,079,MADRID,A,Avda de la Ciudad de Barcelona N 2B,20190919,20181105,,2316.1436,30,5,90_54,,,5__7_____2_IT_1_5_11__1095_TI_I_13,,,,5__7___,5__7_____2_IT_1,5_11,5_11_,5_11_1095,
154,5,364228,C8,C-8,1,1,11,,513,16,TI,I,ATOCHA,28,079,MADRID,A,Avda de la Ciudad de Barcelona N 2B,20190919,20181105,,3194.768,30,5,90_54,,,5__8_____1_IT_1_5_11__513_TI_I_16,,,,5__8___,5__8_____1_IT_1,5_11,5_11_,5_11_513,
155,5,364229,C8,C-8,2,1,11,,1095,17,TI,I,ATOCHA,28,079,MADRID,A,Avda de la Ciudad de Barcelona N 2B,20190919,20181105,,2316.1435,30,5,90_54,,,5__8_____2_IT_1_5_11__1095_TI_I_17,,,,5__8___,5__8_____2_IT_1,5_11,5_11_,5_11_1095,
156,5,364222,C3,C-3,1,1,11,,1098,10,TI,I,ATOCHA,28,079,MADRID,A,Avda de la Ciudad de Barcelona N 2B,20190919,20181105,,6722.8952,30,5,90_54,,,5__3_____1_IT_1_5_11__1098_TI_I_10,,,,5__3___,5__3_____1_IT_1,5_11,5_11_,5_11_1098,
157,5,364223,C3,C-3,2,1,11,,1102,4,TI,I,ATOCHA,28,079,MADRID,A,Avda de la Ciudad de Barcelona N 2B,20190919,20181105,,2029.7046,30,5,90_54,,,5__3_____2_IT_1_5_11__1102_TI_I_4,,,,5__3___,5__3_____2_IT_1,5_11,5_11_,5_11_1102,
158,5,364226,C7,C-7,1,1,11,,514,12,TI,I,ATOCHA,28,079,MADRID,A,Avda de la Ciudad de Barcelona N 2B,20190919,20181105,,3194.9209,30,5,90_54,,,5__7_____1_IT_1_5_11__514_TI_I_12,,,,5__7___,5__7_____1_IT_1,5_11,5_11_,5_11_514,
159,5,370837,C8A,C-8a,1,1,11,,513,16,TI,I,ATOCHA,28,079,MADRID,A,Avda de la Ciudad de Barcelona N 2B,20240125,20240101,,,30,5,90_54,,,5__8_A____1_IT_1_5_11__513_TI_I_16,,,,5__8_A__,5__8_A____1_IT_1,5_11,5_11_,5_11_513,
160,5,370838,C8A,C-8a,2,1,11,,1095,18,TI,I,ATOCHA,28,079,MADRID,A,Avda de la Ciudad de Barcelona N 2B,20240125,20240101,,2316.1435,30,5,90_54,,,5__8_A____2_IT_1_5_11__1095_TI_I_18,,,,5__8_A__,5__8_A____2_IT_1,5_11,5_11_,5_11_1095,
161,5,361622,C10,C-10,1,1,13,,519,8,TI,I,"BARRIAL-C.COM.POZUELO, EL",28,079,MADRID,B1,Via   Ferrocarril SN SN,20180312,20170126,,3422.1045,30,5,93_153,,,5__10_____1_IT_1_5_13__519_TI_I_8,,,,5__10___,5__10_____1_IT_1,5_13,5_13_,5_13_519,
162,5,361623,C10,C-10,2,1,13,,520,14,TI,I,"BARRIAL-C.COM.POZUELO, EL",28,079,MADRID,B1,Via   Ferrocarril SN SN,20180312,20170126,,2617.5704,30,5,93_153,,,5__10_____2_IT_1_5_13__520_TI_I_14,,,,5__10___,5__10_____2_IT_1,5_13,5_13_,5_13_520,
163,5,364227,C7,C-7,2,1,13,,520,4,TI,I,"BARRIAL-C.COM.POZUELO, EL",28,079,MADRID,B1,Via   Ferrocarril SN SN,20190919,20181105,,2617.5704,30,5,93_153,,,5__7_____2_IT_1_5_13__520_TI_I_4,,,,5__7___,5__7_____2_IT_1,5_13,5_13_,5_13_520,
164,5,364226,C7,C-7,1,1,13,,519,21,TI,I,"BARRIAL-C.COM.POZUELO, EL",28,079,MADRID,B1,Via   Ferrocarril SN SN,20190919,20181105,,3422.1045,30,5,93_153,,,5__7_____1_IT_1_5_13__519_TI_I_21,,,,5__7___,5__7_____1_IT_1,5_13,5_13_,5_13_519,
165,5,340742,C4A,C-4a,1,1,15,,524,12,TI,I,CANTOBLANCO UNIVERSIDAD,28,079,MADRID,B1,Calle de Freud N 3,20090625,20090625,,5190.1503,30,5,93_32,,,5__4_A____1_IT_1_5_15__524_TI_I_12,,,,5__4_A__,5__4_A____1_IT_1,5_15,5_15_,5_15_524,
166,5,340743,C4A,C-4a,2,1,15,,523,4,TI,I,CANTOBLANCO UNIVERSIDAD,28,079,MADRID,B1,Calle de Freud N 3,20090625,20090625,,2430.5481,30,5,93_32,,,5__4_A____2_IT_1_5_15__523_TI_I_4,,,,5__4_A__,5__4_A____2_IT_1,5_15,5_15_,5_15_523,
167,5,340744,C4B,C-4b,1,1,15,,524,12,TI,I,CANTOBLANCO UNIVERSIDAD,28,079,MADRID,B1,Calle de Freud N 3,20090625,20090625,,5190.1503,30,5,93_32,,,5__4_B____1_IT_1_5_15__524_TI_I_12,,,,5__4_B__,5__4_B____1_IT_1,5_15,5_15_,5_15_524,
168,5,340745,C4B,C-4b,2,1,15,,523,4,TI,I,CANTOBLANCO UNIVERSIDAD,28,079,MADRID,B1,Calle de Freud N 3,20090625,20090625,,2260.06,30,5,93_32,,,5__4_B____2_IT_1_5_15__523_TI_I_4,,,,5__4_B__,5__4_B____2_IT_1,5_15,5_15_,5_15_523,
169,5,340742,C4A,C-4a,1,1,18,,1072,10,TI,I,CHAMARTÍN,28,079,MADRID,A,Calle de Agustín de Foxá N 40,20090625,20090625,,3238.2432,30,5,90_25,,,5__4_A____1_IT_1_5_18__1072_TI_I_10,,,,5__4_A__,5__4_A____1_IT_1,5_18,5_18_,5_18_1072,
170,5,340745,C4B,C-4b,2,1,18,,531,6,TI,I,CHAMARTÍN,28,079,MADRID,A,Calle de Agustín de Foxá N 40,20090625,20090625,,3344.7233,30,5,90_25,,,5__4_B____2_IT_1_5_18__531_TI_I_6,,,,5__4_B__,5__4_B____2_IT_1,5_18,5_18_,5_18_531,
171,5,340743,C4A,C-4a,2,1,18,,531,6,TI,I,CHAMARTÍN,28,079,MADRID,A,Calle de Agustín de Foxá N 40,20090625,20090625,,3344.7233,30,5,90_25,,,5__4_A____2_IT_1_5_18__531_TI_I_6,,,,5__4_A__,5__4_A____2_IT_1,5_18,5_18_,5_18_531,
172,5,330338,C2,C-2,1,1,18,,1078,19,TI,T,CHAMARTÍN,28,079,MADRID,A,Calle de Agustín de Foxá N 40,20010621,19930101,,3148.4486,30,5,90_25,,,5__2_____1_IT_1_5_18__1078_TI_T_19,,,,5__2___,5__2_____1_IT_1,5_18,5_18_,5_18_1078,
173,5,340744,C4B,C-4b,1,1,18,,1071,10,TI,I,CHAMARTÍN,28,079,MADRID,A,Calle de Agustín de Foxá N 40,20090625,20090625,,3243.4619,30,5,90_25,,,5__4_B____1_IT_1_5_18__1071_TI_I_10,,,,5__4_B__,5__4_B____1_IT_1,5_18,5_18_,5_18_1071,
174,5,330357,C2,C-2,2,1,18,,1075,1,TI,T,CHAMARTÍN,28,079,MADRID,A,Calle de Agustín de Foxá N 40,20010621,19930101,,0,0,5,90_25,,,5__2_____2_IT_1_5_18__1075_TI_T_1,,,,5__2___,5__2_____2_IT_1,5_18,5_18_,5_18_1075,
175,5,345689,C1,C-1,2,1,18,,1075,4,TI,I,CHAMARTÍN,28,079,MADRID,A,Calle de Agustín de Foxá N 40,20110914,20110922,,2701.35,30,5,90_25,,,5__1_____2_IT_1_5_18__1075_TI_I_4,,,,5__1___,5__1_____2_IT_1,5_18,5_18_,5_18_1075,
176,5,345688,C1,C-1,1,1,18,,1078,8,TI,I,CHAMARTÍN,28,079,MADRID,A,Calle de Agustín de Foxá N 40,20110914,20110922,,3148.4734,30,5,90_25,,,5__1_____1_IT_1_5_18__1078_TI_I_8,,,,5__1___,5__1_____1_IT_1,5_18,5_18_,5_18_1078,
177,5,361622,C10,C-10,1,1,18,,1078,18,TI,I,CHAMARTÍN,28,079,MADRID,A,Calle de Agustín de Foxá N 40,20180312,20170126,,3148.4734,30,5,90_25,,,5__10_____1_IT_1_5_18__1078_TI_I_18,,,,5__10___,5__10_____1_IT_1,5_18,5_18_,5_18_1078,
178,5,361623,C10,C-10,2,1,18,,1075,4,TI,I,CHAMARTÍN,28,079,MADRID,A,Calle de Agustín de Foxá N 40,20180312,20170126,,2701.6869,30,5,90_25,,,5__10_____2_IT_1_5_18__1075_TI_I_4,,,,5__10___,5__10_____2_IT_1,5_18,5_18_,5_18_1075,
179,5,364227,C7,C-7,2,1,18,,1075,10,TI,I,CHAMARTÍN,28,079,MADRID,A,Calle de Agustín de Foxá N 40,20190919,20181105,,2530.1317,30,5,90_25,,,5__7_____2_IT_1_5_18__1075_TI_I_10,,,,5__7___,5__7_____2_IT_1,5_18,5_18_,5_18_1075,
180,5,364228,C8,C-8,1,1,18,,1078,19,TI,I,CHAMARTÍN,28,079,MADRID,A,Calle de Agustín de Foxá N 40,20190919,20181105,,3148.4486,30,5,90_25,,,5__8_____1_IT_1_5_18__1078_TI_I_19,,,,5__8___,5__8_____1_IT_1,5_18,5_18_,5_18_1078,
181,5,364229,C8,C-8,2,1,18,,1075,14,TI,I,CHAMARTÍN,28,079,MADRID,A,Calle de Agustín de Foxá N 40,20190919,20181105,,2530.1317,30,5,90_25,,,5__8_____2_IT_1_5_18__1075_TI_I_14,,,,5__8___,5__8_____2_IT_1,5_18,5_18_,5_18_1075,
182,5,364222,C3,C-3,1,1,18,,1078,13,TI,T,CHAMARTÍN,28,079,MADRID,A,Calle de Agustín de Foxá N 40,20190919,20181105,,3230.0742,30,5,90_25,,,5__3_____1_IT_1_5_18__1078_TI_T_13,,,,5__3___,5__3_____1_IT_1,5_18,5_18_,5_18_1078,
183,5,364223,C3,C-3,2,1,18,,1070,1,TI,T,CHAMARTÍN,28,079,MADRID,A,Calle de Agustín de Foxá N 40,20190919,20181105,,0,0,5,90_25,,,5__3_____2_IT_1_5_18__1070_TI_T_1,,,,5__3___,5__3_____2_IT_1,5_18,5_18_,5_18_1070,
184,5,364226,C7,C-7,1,1,18,,1078,15,TI,I,CHAMARTÍN,28,079,MADRID,A,Calle de Agustín de Foxá N 40,20190919,20181105,,3148.4486,30,5,90_25,,,5__7_____1_IT_1_5_18__1078_TI_I_15,,,,5__7___,5__7_____1_IT_1,5_18,5_18_,5_18_1078,
185,5,370837,C8A,C-8a,1,1,18,,1078,19,TI,I,CHAMARTÍN,28,079,MADRID,A,Calle de Agustín de Foxá N 40,20240125,20240101,,,30,5,90_25,,,5__8_A____1_IT_1_5_18__1078_TI_I_19,,,,5__8_A__,5__8_A____1_IT_1,5_18,5_18_,5_18_1078,
186,5,370838,C8A,C-8a,2,1,18,,1075,15,TI,I,CHAMARTÍN,28,079,MADRID,A,Calle de Agustín de Foxá N 40,20240125,20240101,,2530.1317,30,5,90_25,,,5__8_A____2_IT_1_5_18__1075_TI_I_15,,,,5__8_A__,5__8_A____2_IT_1,5_18,5_18_,5_18_1075,
187,5,332752,C5,C-5,2,1,24,,544,18,TI,I,CUATRO VIENTOS,28,079,MADRID,A,Paseo de Extremadura N 567A,20040303,20040228,,1089.2121,30,5,92_84,,,5__5_____2_IT_1_5_24__544_TI_I_18,,,,5__5___,5__5_____2_IT_1,5_24,5_24_,5_24_544,
188,5,332751,C5,C-5,1,1,24,,543,6,TI,I,CUATRO VIENTOS,28,079,MADRID,A,Paseo de Extremadura N 567A,20040303,20040228,,3237.4729,30,5,92_84,,,5__5_____1_IT_1_5_24__543_TI_I_6,,,,5__5___,5__5_____1_IT_1,5_24,5_24_,5_24_543,
189,5,345689,C1,C-1,2,1,25,,546,9,TI,I,DELICIAS,28,079,MADRID,A,Calle de Ramírez de Prado N 3B,20110914,20110922,,1370.3878,30,5,92_181,,,5__1_____2_IT_1_5_25__546_TI_I_9,,,,5__1___,5__1_____2_IT_1,5_25,5_25_,5_25_546,
190,5,345688,C1,C-1,1,1,25,,545,3,TI,I,DELICIAS,28,079,MADRID,A,Calle de Ramírez de Prado N 3B,20110914,20110922,,1638.0192,30,5,92_181,,,5__1_____1_IT_1_5_25__545_TI_I_3,,,,5__1___,5__1_____1_IT_1,5_25,5_25_,5_25_545,
191,5,361622,C10,C-10,1,1,25,,545,13,TI,I,DELICIAS,28,079,MADRID,A,Calle de Ramírez de Prado N 3B,20180312,20170126,,1637.8758,30,5,92_181,,,5__10_____1_IT_1_5_25__545_TI_I_13,,,,5__10___,5__10_____1_IT_1,5_25,5_25_,5_25_545,
192,5,361623,C10,C-10,2,1,25,,546,9,TI,I,DELICIAS,28,079,MADRID,A,Calle de Ramírez de Prado N 3B,20180312,20170126,,1371.1142,30,5,92_181,,,5__10_____2_IT_1_5_25__546_TI_I_9,,,,5__10___,5__10_____2_IT_1,5_25,5_25_,5_25_546,
193,5,332752,C5,C-5,2,1,26,,548,10,TI,I,DOCE DE OCTUBRE,28,079,MADRID,A,Avda de Córdoba N 39,20040303,20040228,,1469.8597,30,5,93_182,,,5__5_____2_IT_1_5_26__548_TI_I_10,,,,5__5___,5__5_____2_IT_1,5_26,5_26_,5_26_548,
194,5,332751,C5,C-5,1,1,26,,547,14,TI,I,DOCE DE OCTUBRE,28,079,MADRID,A,Avda de Córdoba N 39,20040303,20040228,,2402.7478,30,5,93_182,,,5__5_____1_IT_1_5_26__547_TI_I_14,,,,5__5___,5__5_____1_IT_1,5_26,5_26_,5_26_547,
195,5,332752,C5,C-5,2,1,28,,552,13,TI,I,EMBAJADORES,28,079,MADRID,A,Gta de Embajadores N 1,20040303,20040228,,1545.6639,30,5,92_10,,,5__5_____2_IT_1_5_28__552_TI_I_13,,,,5__5___,5__5_____2_IT_1,5_28,5_28_,5_28_552,
196,5,332751,C5,C-5,1,1,28,,551,11,TI,I,EMBAJADORES,28,079,MADRID,A,Gta de Embajadores N 1,20040303,20040228,,3747.7087,30,5,92_10,,,5__5_____1_IT_1_5_28__551_TI_I_11,,,,5__5___,5__5_____1_IT_1,5_28,5_28_,5_28_551,
197,5,332752,C5,C-5,2,1,30,,556,16,TI,I,FANJUL,28,079,MADRID,A,Avda del General Fanjul N 27,20040303,20040228,,590.1482,30,5,93_214,,,5__5_____2_IT_1_5_30__556_TI_I_16,,,,5__5___,5__5_____2_IT_1,5_30,5_30_,5_30_556,
198,5,332751,C5,C-5,1,1,30,,555,8,TI,I,FANJUL,28,079,MADRID,A,Avda del General Fanjul N 27,20040303,20040228,,1040.8142,30,5,93_214,,,5__5_____1_IT_1_5_30__555_TI_I_8,,,,5__5___,5__5_____1_IT_1,5_30,5_30_,5_30_555,
199,5,340742,C4A,C-4a,1,1,31,,558,11,TI,I,FUENCARRAL,28,079,MADRID,A,Calle de Antonio de Cabezón N 10,20090625,20090625,,3345.6645,30,5,92_216,,,5__4_A____1_IT_1_5_31__558_TI_I_11,,,,5__4_A__,5__4_A____1_IT_1,5_31,5_31_,5_31_558,
200,5,340743,C4A,C-4a,2,1,31,,557,5,TI,I,FUENCARRAL,28,079,MADRID,A,Calle de Antonio de Cabezón N 10,20090625,20090625,,5189.7458,30,5,92_216,,,5__4_A____2_IT_1_5_31__557_TI_I_5,,,,5__4_A__,5__4_A____2_IT_1,5_31,5_31_,5_31_557,
201,5,340744,C4B,C-4b,1,1,31,,558,11,TI,I,FUENCARRAL,28,079,MADRID,A,Calle de Antonio de Cabezón N 10,20090625,20090625,,3346.6405,30,5,92_216,,,5__4_B____1_IT_1_5_31__558_TI_I_11,,,,5__4_B__,5__4_B____1_IT_1,5_31,5_31_,5_31_558,
202,5,340745,C4B,C-4b,2,1,31,,557,5,TI,I,FUENCARRAL,28,079,MADRID,A,Calle de Antonio de Cabezón N 10,20090625,20090625,,5189.7458,30,5,92_216,,,5__4_B____2_IT_1_5_31__557_TI_I_5,,,,5__4_B__,5__4_B____2_IT_1,5_31,5_31_,5_31_557,
203,5,340744,C4B,C-4b,1,1,37,,570,13,TI,I,"GOLOSO, EL",28,079,MADRID,B1,Ctra de Colmenar Viejo SN SN,20090625,20090625,,2256.5593,30,5,93_221,,,5__4_B____1_IT_1_5_37__570_TI_I_13,,,,5__4_B__,5__4_B____1_IT_1,5_37,5_37_,5_37_570,
204,5,340745,C4B,C-4b,2,1,37,,569,3,TI,I,"GOLOSO, EL",28,079,MADRID,B1,Ctra de Colmenar Viejo SN SN,20090625,20090625,,4662.9635,30,5,93_221,,,5__4_B____2_IT_1_5_37__569_TI_I_3,,,,5__4_B__,5__4_B____2_IT_1,5_37,5_37_,5_37_569,
205,5,332752,C5,C-5,2,1,40,,576,14,TI,I,LAGUNA,28,079,MADRID,A,Calle de Cuart de Poblet N 1,20040303,20040228,,3747.7232,30,5,92_83,,,5__5_____2_IT_1_5_40__576_TI_I_14,,,,5__5___,5__5_____2_IT_1,5_40,5_40_,5_40_576,
206,5,332751,C5,C-5,1,1,40,,575,10,TI,I,LAGUNA,28,079,MADRID,A,Calle de Cuart de Poblet N 1,20040303,20040228,,2478.3103,30,5,92_83,,,5__5_____1_IT_1_5_40__575_TI_I_10,,,,5__5___,5__5_____1_IT_1,5_40,5_40_,5_40_575,
207,5,332751,C5,C-5,1,1,46,,1050,13,TI,I,MÉNDEZ ÁLVARO,28,079,MADRID,A,Calle del Ombu N 16,20040303,20040228,,1298.7965,30,5,90_13,,,5__5_____1_IT_1_5_46__1050_TI_I_13,,,,5__5___,5__5_____1_IT_1,5_46,5_46_,5_46_1050,
208,5,332752,C5,C-5,2,1,46,,1051,11,TI,I,MÉNDEZ ÁLVARO,28,079,MADRID,A,Calle del Ombu N 16,20040303,20040228,,2404.2552,30,5,90_13,,,5__5_____2_IT_1_5_46__1051_TI_I_11,,,,5__5___,5__5_____2_IT_1,5_46,5_46_,5_46_1051,
209,5,345689,C1,C-1,2,1,46,,588,8,TI,I,MÉNDEZ ÁLVARO,28,079,MADRID,A,Calle del Ombu N 16,20110914,20110922,,1427.4703,30,5,90_13,,,5__1_____2_IT_1_5_46__588_TI_I_8,,,,5__1___,5__1_____2_IT_1,5_46,5_46_,5_46_588,
210,5,345688,C1,C-1,1,1,46,,587,4,TI,I,MÉNDEZ ÁLVARO,28,079,MADRID,A,Calle del Ombu N 16,20110914,20110922,,1377.2738,30,5,90_13,,,5__1_____1_IT_1_5_46__587_TI_I_4,,,,5__1___,5__1_____1_IT_1,5_46,5_46_,5_46_587,
211,5,361622,C10,C-10,1,1,46,,587,14,TI,I,MÉNDEZ ÁLVARO,28,079,MADRID,A,Calle del Ombu N 16,20180312,20170126,,1377.1246,30,5,90_13,,,5__10_____1_IT_1_5_46__587_TI_I_14,,,,5__10___,5__10_____1_IT_1,5_46,5_46_,5_46_587,
212,5,361623,C10,C-10,2,1,46,,588,8,TI,I,MÉNDEZ ÁLVARO,28,079,MADRID,A,Calle del Ombu N 16,20180312,20170126,,1427.4728,30,5,90_13,,,5__10_____2_IT_1_5_46__588_TI_I_8,,,,5__10___,5__10_____2_IT_1,5_46,5_46_,5_46_588,
213,5,340742,C4A,C-4a,1,1,51,,598,9,TI,I,NUEVOS MINISTERIOS,28,079,MADRID,A,Calle de Raimundo Fernández Villaverde N 67,20090625,20090625,,3403.2918,30,5,90_71,,,5__4_A____1_IT_1_5_51__598_TI_I_9,,,,5__4_A__,5__4_A____1_IT_1,5_51,5_51_,5_51_598,
214,5,340743,C4A,C-4a,2,1,51,,597,7,TI,I,NUEVOS MINISTERIOS,28,079,MADRID,A,Calle de Raimundo Fernández Villaverde N 67,20090625,20090625,,3248.6009,30,5,90_71,,,5__4_A____2_IT_1_5_51__597_TI_I_7,,,,5__4_A__,5__4_A____2_IT_1,5_51,5_51_,5_51_597,
215,5,340744,C4B,C-4b,1,1,51,,598,9,TI,I,NUEVOS MINISTERIOS,28,079,MADRID,A,Calle de Raimundo Fernández Villaverde N 67,20090625,20090625,,3403.2918,30,5,90_71,,,5__4_B____1_IT_1_5_51__598_TI_I_9,,,,5__4_B__,5__4_B____1_IT_1,5_51,5_51_,5_51_598,
216,5,340745,C4B,C-4b,2,1,51,,597,7,TI,I,NUEVOS MINISTERIOS,28,079,MADRID,A,Calle de Raimundo Fernández Villaverde N 67,20090625,20090625,,3248.6009,30,5,90_71,,,5__4_B____2_IT_1_5_51__597_TI_I_7,,,,5__4_B__,5__4_B____2_IT_1,5_51,5_51_,5_51_597,
217,5,330357,C2,C-2,2,1,51,,1112,2,TI,I,NUEVOS MINISTERIOS,28,079,MADRID,A,Calle de Raimundo Fernández Villaverde N 67,20010621,19930101,,3152.7465,30,5,90_71,,,5__2_____2_IT_1_5_51__1112_TI_I_2,,,,5__2___,5__2_____2_IT_1,5_51,5_51_,5_51_1112,
218,5,330338,C2,C-2,1,1,51,,1113,18,TI,I,NUEVOS MINISTERIOS,28,079,MADRID,A,Calle de Raimundo Fernández Villaverde N 67,20010621,19930101,,2534.79,30,5,90_71,,,5__2_____1_IT_1_5_51__1113_TI_I_18,,,,5__2___,5__2_____1_IT_1,5_51,5_51_,5_51_1113,
219,5,345689,C1,C-1,2,1,51,,1111,5,TI,I,NUEVOS MINISTERIOS,28,079,MADRID,A,Calle de Raimundo Fernández Villaverde N 67,20110914,20110922,,3152.9246,30,5,90_71,,,5__1_____2_IT_1_5_51__1111_TI_I_5,,,,5__1___,5__1_____2_IT_1,5_51,5_51_,5_51_1111,
220,5,345688,C1,C-1,1,1,51,,1114,7,TI,I,NUEVOS MINISTERIOS,28,079,MADRID,A,Calle de Raimundo Fernández Villaverde N 67,20110914,20110922,,2534.7981,30,5,90_71,,,5__1_____1_IT_1_5_51__1114_TI_I_7,,,,5__1___,5__1_____1_IT_1,5_51,5_51_,5_51_1114,
221,5,361622,C10,C-10,1,1,51,,1114,17,TI,I,NUEVOS MINISTERIOS,28,079,MADRID,A,Calle de Raimundo Fernández Villaverde N 67,20180312,20170126,,2534.7981,30,5,90_71,,,5__10_____1_IT_1_5_51__1114_TI_I_17,,,,5__10___,5__10_____1_IT_1,5_51,5_51_,5_51_1114,
222,5,361623,C10,C-10,2,1,51,,1111,5,TI,I,NUEVOS MINISTERIOS,28,079,MADRID,A,Calle de Raimundo Fernández Villaverde N 67,20180312,20170126,,3152.9246,30,5,90_71,,,5__10_____2_IT_1_5_51__1111_TI_I_5,,,,5__10___,5__10_____2_IT_1,5_51,5_51_,5_51_1111,
223,5,364227,C7,C-7,2,1,51,,1112,11,TI,I,NUEVOS MINISTERIOS,28,079,MADRID,A,Calle de Raimundo Fernández Villaverde N 67,20190919,20181105,,3152.7465,30,5,90_71,,,5__7_____2_IT_1_5_51__1112_TI_I_11,,,,5__7___,5__7_____2_IT_1,5_51,5_51_,5_51_1112,
224,5,364228,C8,C-8,1,1,51,,1113,18,TI,I,NUEVOS MINISTERIOS,28,079,MADRID,A,Calle de Raimundo Fernández Villaverde N 67,20190919,20181105,,2534.79,30,5,90_71,,,5__8_____1_IT_1_5_51__1113_TI_I_18,,,,5__8___,5__8_____1_IT_1,5_51,5_51_,5_51_1113,
225,5,364229,C8,C-8,2,1,51,,1112,15,TI,I,NUEVOS MINISTERIOS,28,079,MADRID,A,Calle de Raimundo Fernández Villaverde N 67,20190919,20181105,,3152.7465,30,5,90_71,,,5__8_____2_IT_1_5_51__1112_TI_I_15,,,,5__8___,5__8_____2_IT_1,5_51,5_51_,5_51_1112,
226,5,364222,C3,C-3,1,1,51,,598,12,TI,I,NUEVOS MINISTERIOS,28,079,MADRID,A,Calle de Raimundo Fernández Villaverde N 67,20190919,20181105,,3403.2918,30,5,90_71,,,5__3_____1_IT_1_5_51__598_TI_I_12,,,,5__3___,5__3_____1_IT_1,5_51,5_51_,5_51_598,
227,5,364223,C3,C-3,2,1,51,,597,2,TI,I,NUEVOS MINISTERIOS,28,079,MADRID,A,Calle de Raimundo Fernández Villaverde N 67,20190919,20181105,,3244.4636,30,5,90_71,,,5__3_____2_IT_1_5_51__597_TI_I_2,,,,5__3___,5__3_____2_IT_1,5_51,5_51_,5_51_597,
228,5,364226,C7,C-7,1,1,51,,1113,14,TI,I,NUEVOS MINISTERIOS,28,079,MADRID,A,Calle de Raimundo Fernández Villaverde N 67,20190919,20181105,,2534.79,30,5,90_71,,,5__7_____1_IT_1_5_51__1113_TI_I_14,,,,5__7___,5__7_____1_IT_1,5_51,5_51_,5_51_1113,
229,5,370837,C8A,C-8a,1,1,51,,1113,18,TI,I,NUEVOS MINISTERIOS,28,079,MADRID,A,Calle de Raimundo Fernández Villaverde N 67,20240125,20240101,,,30,5,90_71,,,5__8_A____1_IT_1_5_51__1113_TI_I_18,,,,5__8_A__,5__8_A____1_IT_1,5_51,5_51_,5_51_1113,
230,5,370838,C8A,C-8a,2,1,51,,1112,16,TI,I,NUEVOS MINISTERIOS,28,079,MADRID,A,Calle de Raimundo Fernández Villaverde N 67,20240125,20240101,,3152.7465,30,5,90_71,,,5__8_A____2_IT_1_5_51__1112_TI_I_16,,,,5__8_A__,5__8_A____2_IT_1,5_51,5_51_,5_51_1112,
231,5,332752,C5,C-5,2,1,52,,600,9,TI,I,ORCASITAS,28,079,MADRID,A,Calle de Campotejar N 24,20040303,20040228,,1885.6174,30,5,93_286,,,5__5_____2_IT_1_5_52__600_TI_I_9,,,,5__5___,5__5_____2_IT_1,5_52,5_52_,5_52_600,
232,5,332751,C5,C-5,1,1,52,,599,15,TI,I,ORCASITAS,28,079,MADRID,A,Calle de Campotejar N 24,20040303,20040228,,1474.1648,30,5,93_286,,,5__5_____1_IT_1_5_52__599_TI_I_15,,,,5__5___,5__5_____1_IT_1,5_52,5_52_,5_52_599,
233,5,345688,C1,C-1,1,1,57,,609,2,TI,I,PIRÁMIDES,28,079,MADRID,A,Paseo del Doctor Vallejo Nágera N 37,20110914,20110922,,2565.5043,30,5,92_85,,,5__1_____1_IT_1_5_57__609_TI_I_2,,,,5__1___,5__1_____1_IT_1,5_57,5_57_,5_57_609,
234,5,345689,C1,C-1,2,1,57,,610,10,TI,I,PIRÁMIDES,28,079,MADRID,A,Paseo del Doctor Vallejo Nágera N 37,20110914,20110922,,1639.0768,30,5,92_85,,,5__1_____2_IT_1_5_57__610_TI_I_10,,,,5__1___,5__1_____2_IT_1,5_57,5_57_,5_57_610,
235,5,361622,C10,C-10,1,1,57,,609,12,TI,I,PIRÁMIDES,28,079,MADRID,A,Paseo del Doctor Vallejo Nágera N 37,20180312,20170126,,2565.8548,30,5,92_85,,,5__10_____1_IT_1_5_57__609_TI_I_12,,,,5__10___,5__10_____1_IT_1,5_57,5_57_,5_57_609,
236,5,361623,C10,C-10,2,1,57,,610,10,TI,I,PIRÁMIDES,28,079,MADRID,A,Paseo del Doctor Vallejo Nágera N 37,20180312,20170126,,1639.0768,30,5,92_85,,,5__10_____2_IT_1_5_57__610_TI_I_10,,,,5__10___,5__10_____2_IT_1,5_57,5_57_,5_57_610,
237,5,364227,C7,C-7,2,1,58,,612,7,TI,I,PITIS,28,079,MADRID,A,Ctra a la Estación de Pitis N 19,20190919,20181105,,15042.6207,30,5,93_86,,,5__7_____2_IT_1_5_58__612_TI_I_7,,,,5__7___,5__7_____2_IT_1,5_58,5_58_,5_58_612,
238,5,364228,C8,C-8,1,1,58,,611,22,TI,I,PITIS,28,079,MADRID,A,Ctra a la Estación de Pitis N 19,20190919,20181105,,1546.5033,30,5,93_86,,,5__8_____1_IT_1_5_58__611_TI_I_22,,,,5__8___,5__8_____1_IT_1,5_58,5_58_,5_58_611,
239,5,364229,C8,C-8,2,1,58,,612,11,TI,I,PITIS,28,079,MADRID,A,Ctra a la Estación de Pitis N 19,20190919,20181105,,14899.4964,30,5,93_86,,,5__8_____2_IT_1_5_58__612_TI_I_11,,,,5__8___,5__8_____2_IT_1,5_58,5_58_,5_58_612,
240,5,364226,C7,C-7,1,1,58,,611,18,TI,I,PITIS,28,079,MADRID,A,Ctra a la Estación de Pitis N 19,20190919,20181105,,1546.5033,30,5,93_86,,,5__7_____1_IT_1_5_58__611_TI_I_18,,,,5__7___,5__7_____1_IT_1,5_58,5_58_,5_58_611,
241,5,370837,C8A,C-8a,1,1,58,,611,22,TI,I,PITIS,28,079,MADRID,A,Ctra a la Estación de Pitis N 19,20240125,20240101,,,30,5,93_86,,,5__8_A____1_IT_1_5_58__611_TI_I_22,,,,5__8_A__,5__8_A____1_IT_1,5_58,5_58_,5_58_611,
242,5,370838,C8A,C-8a,2,1,58,,612,12,TI,I,PITIS,28,079,MADRID,A,Ctra a la Estación de Pitis N 19,20240125,20240101,,14899.558,30,5,93_86,,,5__8_A____2_IT_1_5_58__612_TI_I_12,,,,5__8_A__,5__8_A____2_IT_1,5_58,5_58_,5_58_612,
243,5,330338,C2,C-2,1,1,59,,613,14,TI,I,"POZO, EL",28,079,MADRID,A,Avda de Entrevías N 140,20010621,19930101,,2723.1893,30,5,91_48,,,5__2_____1_IT_1_5_59__613_TI_I_14,,,,5__2___,5__2_____1_IT_1,5_59,5_59_,5_59_613,
244,5,330357,C2,C-2,2,1,59,,614,6,TI,I,"POZO, EL",28,079,MADRID,A,Avda de Entrevías N 140,20010621,19930101,,1196.5565,30,5,91_48,,,5__2_____2_IT_1_5_59__614_TI_I_6,,,,5__2___,5__2_____2_IT_1,5_59,5_59_,5_59_614,
245,5,364227,C7,C-7,2,1,59,,614,15,TI,I,"POZO, EL",28,079,MADRID,A,Avda de Entrevías N 140,20190919,20181105,,1196.5565,30,5,91_48,,,5__7_____2_IT_1_5_59__614_TI_I_15,,,,5__7___,5__7_____2_IT_1,5_59,5_59_,5_59_614,
246,5,364228,C8,C-8,1,1,59,,613,14,TI,I,"POZO, EL",28,079,MADRID,A,Avda de Entrevías N 140,20190919,20181105,,2723.1893,30,5,91_48,,,5__8_____1_IT_1_5_59__613_TI_I_14,,,,5__8___,5__8_____1_IT_1,5_59,5_59_,5_59_613,
247,5,364229,C8,C-8,2,1,59,,614,19,TI,I,"POZO, EL",28,079,MADRID,A,Avda de Entrevías N 140,20190919,20181105,,1196.5565,30,5,91_48,,,5__8_____2_IT_1_5_59__614_TI_I_19,,,,5__8___,5__8_____2_IT_1,5_59,5_59_,5_59_614,
248,5,364226,C7,C-7,1,1,59,,613,10,TI,I,"POZO, EL",28,079,MADRID,A,Avda de Entrevías N 140,20190919,20181105,,2723.1893,30,5,91_48,,,5__7_____1_IT_1_5_59__613_TI_I_10,,,,5__7___,5__7_____1_IT_1,5_59,5_59_,5_59_613,
249,5,370837,C8A,C-8a,1,1,59,,613,14,TI,I,"POZO, EL",28,079,MADRID,A,Avda de Entrevías N 140,20240125,20240101,,,30,5,91_48,,,5__8_A____1_IT_1_5_59__613_TI_I_14,,,,5__8_A__,5__8_A____1_IT_1,5_59,5_59_,5_59_613,
250,5,370838,C8A,C-8a,2,1,59,,614,20,TI,I,"POZO, EL",28,079,MADRID,A,Avda de Entrevías N 140,20240125,20240101,,1196.5565,30,5,91_48,,,5__8_A____2_IT_1_5_59__614_TI_I_20,,,,5__8_A__,5__8_A____2_IT_1,5_59,5_59_,5_59_614,
251,5,345689,C1,C-1,2,1,61,,618,11,TI,C,PRÍNCIPE PÍO,28,079,MADRID,A,Paseo de la Florida N 2,20110914,20110922,,2576.4625,30,5,90_18,,,5__1_____2_IT_1_5_61__618_TI_C_11,,,,5__1___,5__1_____2_IT_1,5_61,5_61_,5_61_618,
252,5,345688,C1,C-1,1,1,61,,617,1,TI,C,PRÍNCIPE PÍO,28,079,MADRID,A,Paseo de la Florida N 2,20110914,20110922,,0,0,5,90_18,,,5__1_____1_IT_1_5_61__617_TI_C_1,,,,5__1___,5__1_____1_IT_1,5_61,5_61_,5_61_617,
253,5,361622,C10,C-10,1,1,61,,617,11,TI,I,PRÍNCIPE PÍO,28,079,MADRID,A,Paseo de la Florida N 2,20180312,20170126,,6737.6506,30,5,90_18,,,5__10_____1_IT_1_5_61__617_TI_I_11,,,,5__10___,5__10_____1_IT_1,5_61,5_61_,5_61_617,
254,5,361623,C10,C-10,2,1,61,,618,11,TI,I,PRÍNCIPE PÍO,28,079,MADRID,A,Paseo de la Florida N 2,20180312,20170126,,2576.3528,30,5,90_18,,,5__10_____2_IT_1_5_61__618_TI_I_11,,,,5__10___,5__10_____2_IT_1,5_61,5_61_,5_61_618,
255,5,364226,C7,C-7,1,1,61,,617,24,TI,T,PRÍNCIPE PÍO,28,079,MADRID,A,Paseo de la Florida N 2,20190919,20181105,,6737.6506,30,5,90_18,,,5__7_____1_IT_1_5_61__617_TI_T_24,,,,5__7___,5__7_____1_IT_1,5_61,5_61_,5_61_617,
256,5,364227,C7,C-7,2,1,61,,1104,1,TI,T,PRÍNCIPE PÍO,28,079,MADRID,A,Paseo de la Florida N 2,20190919,20181105,,0,0,5,90_18,,,5__7_____2_IT_1_5_61__1104_TI_T_1,,,,5__7___,5__7_____2_IT_1,5_61,5_61_,5_61_1104,
257,5,332752,C5,C-5,2,1,62,,620,8,TI,I,PUENTE ALCOCER,28,079,MADRID,A,Calle de Alcocer N 54,20040303,20040228,,1818.4582,30,5,93_46,,,5__5_____2_IT_1_5_62__620_TI_I_8,,,,5__5___,5__5_____2_IT_1,5_62,5_62_,5_62_620,
258,5,332751,C5,C-5,1,1,62,,619,16,TI,I,PUENTE ALCOCER,28,079,MADRID,A,Calle de Alcocer N 54,20040303,20040228,,1889.6423,30,5,93_46,,,5__5_____1_IT_1_5_62__619_TI_I_16,,,,5__5___,5__5_____1_IT_1,5_62,5_62_,5_62_619,
259,5,364227,C7,C-7,2,1,64,,624,9,TI,I,RAMÓN Y CAJAL,28,079,MADRID,A,Calle de San Modesto N 50,20190919,20181105,,2172.5176,30,5,92_311,,,5__7_____2_IT_1_5_64__624_TI_I_9,,,,5__7___,5__7_____2_IT_1,5_64,5_64_,5_64_624,
260,5,364228,C8,C-8,1,1,64,,623,20,TI,I,RAMÓN Y CAJAL,28,079,MADRID,A,Calle de San Modesto N 50,20190919,20181105,,2537.9028,30,5,92_311,,,5__8_____1_IT_1_5_64__623_TI_I_20,,,,5__8___,5__8_____1_IT_1,5_64,5_64_,5_64_623,
261,5,364229,C8,C-8,2,1,64,,624,13,TI,I,RAMÓN Y CAJAL,28,079,MADRID,A,Calle de San Modesto N 50,20190919,20181105,,2172.5176,30,5,92_311,,,5__8_____2_IT_1_5_64__624_TI_I_13,,,,5__8___,5__8_____2_IT_1,5_64,5_64_,5_64_624,
262,5,364226,C7,C-7,1,1,64,,623,16,TI,I,RAMÓN Y CAJAL,28,079,MADRID,A,Calle de San Modesto N 50,20190919,20181105,,2537.8994,30,5,92_311,,,5__7_____1_IT_1_5_64__623_TI_I_16,,,,5__7___,5__7_____1_IT_1,5_64,5_64_,5_64_623,
263,5,370837,C8A,C-8a,1,1,64,,623,20,TI,I,RAMÓN Y CAJAL,28,079,MADRID,A,Calle de San Modesto N 50,20240125,20240101,,,30,5,92_311,,,5__8_A____1_IT_1_5_64__623_TI_I_20,,,,5__8_A__,5__8_A____1_IT_1,5_64,5_64_,5_64_623,
264,5,370838,C8A,C-8a,2,1,64,,624,14,TI,I,RAMÓN Y CAJAL,28,079,MADRID,A,Calle de San Modesto N 50,20240125,20240101,,2172.5176,30,5,92_311,,,5__8_A____2_IT_1_5_64__624_TI_I_14,,,,5__8_A__,5__8_A____2_IT_1,5_64,5_64_,5_64_624,
265,5,330338,C2,C-2,1,1,65,,625,17,TI,I,RECOLETOS,28,079,MADRID,A,Paseo de Recoletos N 20,20010621,19930101,,2309.3282,30,5,92_67,,,5__2_____1_IT_1_5_65__625_TI_I_17,,,,5__2___,5__2_____1_IT_1,5_65,5_65_,5_65_625,
266,5,330357,C2,C-2,2,1,65,,626,3,TI,I,RECOLETOS,28,079,MADRID,A,Paseo de Recoletos N 20,20010621,19930101,,2533.7523,30,5,92_67,,,5__2_____2_IT_1_5_65__626_TI_I_3,,,,5__2___,5__2_____2_IT_1,5_65,5_65_,5_65_626,
267,5,345689,C1,C-1,2,1,65,,626,6,TI,I,RECOLETOS,28,079,MADRID,A,Paseo de Recoletos N 20,20110914,20110922,,2533.6293,30,5,92_67,,,5__1_____2_IT_1_5_65__626_TI_I_6,,,,5__1___,5__1_____2_IT_1,5_65,5_65_,5_65_626,
268,5,345688,C1,C-1,1,1,65,,625,6,TI,I,RECOLETOS,28,079,MADRID,A,Paseo de Recoletos N 20,20110914,20110922,,2309.3282,30,5,92_67,,,5__1_____1_IT_1_5_65__625_TI_I_6,,,,5__1___,5__1_____1_IT_1,5_65,5_65_,5_65_625,
269,5,361622,C10,C-10,1,1,65,,625,16,TI,I,RECOLETOS,28,079,MADRID,A,Paseo de Recoletos N 20,20180312,20170126,,2309.4146,30,5,92_67,,,5__10_____1_IT_1_5_65__625_TI_I_16,,,,5__10___,5__10_____1_IT_1,5_65,5_65_,5_65_625,
270,5,361623,C10,C-10,2,1,65,,626,6,TI,I,RECOLETOS,28,079,MADRID,A,Paseo de Recoletos N 20,20180312,20170126,,2533.6293,30,5,92_67,,,5__10_____2_IT_1_5_65__626_TI_I_6,,,,5__10___,5__10_____2_IT_1,5_65,5_65_,5_65_626,
271,5,364227,C7,C-7,2,1,65,,626,12,TI,I,RECOLETOS,28,079,MADRID,A,Paseo de Recoletos N 20,20190919,20181105,,2533.7523,30,5,92_67,,,5__7_____2_IT_1_5_65__626_TI_I_12,,,,5__7___,5__7_____2_IT_1,5_65,5_65_,5_65_626,
272,5,364228,C8,C-8,1,1,65,,625,17,TI,I,RECOLETOS,28,079,MADRID,A,Paseo de Recoletos N 20,20190919,20181105,,2309.3282,30,5,92_67,,,5__8_____1_IT_1_5_65__625_TI_I_17,,,,5__8___,5__8_____1_IT_1,5_65,5_65_,5_65_625,
273,5,364229,C8,C-8,2,1,65,,626,16,TI,I,RECOLETOS,28,079,MADRID,A,Paseo de Recoletos N 20,20190919,20181105,,2533.7523,30,5,92_67,,,5__8_____2_IT_1_5_65__626_TI_I_16,,,,5__8___,5__8_____2_IT_1,5_65,5_65_,5_65_626,
274,5,364226,C7,C-7,1,1,65,,625,13,TI,I,RECOLETOS,28,079,MADRID,A,Paseo de Recoletos N 20,20190919,20181105,,2309.4146,30,5,92_67,,,5__7_____1_IT_1_5_65__625_TI_I_13,,,,5__7___,5__7_____1_IT_1,5_65,5_65_,5_65_625,
275,5,370837,C8A,C-8a,1,1,65,,625,17,TI,I,RECOLETOS,28,079,MADRID,A,Paseo de Recoletos N 20,20240125,20240101,,,30,5,92_67,,,5__8_A____1_IT_1_5_65__625_TI_I_17,,,,5__8_A__,5__8_A____1_IT_1,5_65,5_65_,5_65_625,
276,5,370838,C8A,C-8a,2,1,65,,626,17,TI,I,RECOLETOS,28,079,MADRID,A,Paseo de Recoletos N 20,20240125,20240101,,2533.7523,30,5,92_67,,,5__8_A____2_IT_1_5_65__626_TI_I_17,,,,5__8_A__,5__8_A____2_IT_1,5_65,5_65_,5_65_626,
277,5,364222,C3,C-3,1,1,69,,634,8,TI,I,SAN CRISTÓBAL DE LOS ANGELES,28,079,MADRID,A,Calle de Paterna N 17,20190919,20181105,,1995.0074,30,5,93_329,,,5__3_____1_IT_1_5_69__634_TI_I_8,,,,5__3___,5__3_____1_IT_1,5_69,5_69_,5_69_634,
278,5,364223,C3,C-3,2,1,69,,633,6,TI,I,SAN CRISTÓBAL DE LOS ANGELES,28,079,MADRID,A,Calle de Paterna N 17,20190919,20181105,,1162.8715,30,5,93_329,,,5__3_____2_IT_1_5_69__633_TI_I_6,,,,5__3___,5__3_____2_IT_1,5_69,5_69_,5_69_633,
279,5,364222,C3,C-3,1,1,70,,636,7,TI,I,SAN CRISTÓBAL INDUSTRIAL,28,079,MADRID,A,Acces a la Colonia Marconi N 11,20190919,20181105,,1884.1243,30,5,93_330,,,5__3_____1_IT_1_5_70__636_TI_I_7,,,,5__3___,5__3_____1_IT_1,5_70,5_70_,5_70_636,
280,5,364223,C3,C-3,2,1,70,,635,7,TI,I,SAN CRISTÓBAL INDUSTRIAL,28,079,MADRID,A,Acces a la Colonia Marconi N 11,20190919,20181105,,1989.4331,30,5,93_330,,,5__3_____2_IT_1_5_70__635_TI_I_7,,,,5__3___,5__3_____2_IT_1,5_70,5_70_,5_70_635,
281,5,330338,C2,C-2,1,1,75,,645,12,TI,I,SANTA EUGENIA,28,079,MADRID,A,Avda de Santa Eugenia N 2,20010621,19930101,,1987.2103,30,5,93_340,,,5__2_____1_IT_1_5_75__645_TI_I_12,,,,5__2___,5__2_____1_IT_1,5_75,5_75_,5_75_645,
282,5,330357,C2,C-2,2,1,75,,646,8,TI,I,SANTA EUGENIA,28,079,MADRID,A,Avda de Santa Eugenia N 2,20010621,19930101,,1482.6517,30,5,93_340,,,5__2_____2_IT_1_5_75__646_TI_I_8,,,,5__2___,5__2_____2_IT_1,5_75,5_75_,5_75_646,
283,5,364227,C7,C-7,2,1,75,,646,17,TI,I,SANTA EUGENIA,28,079,MADRID,A,Avda de Santa Eugenia N 2,20190919,20181105,,1482.6517,30,5,93_340,,,5__7_____2_IT_1_5_75__646_TI_I_17,,,,5__7___,5__7_____2_IT_1,5_75,5_75_,5_75_646,
284,5,364228,C8,C-8,1,1,75,,645,12,TI,I,SANTA EUGENIA,28,079,MADRID,A,Avda de Santa Eugenia N 2,20190919,20181105,,1987.2103,30,5,93_340,,,5__8_____1_IT_1_5_75__645_TI_I_12,,,,5__8___,5__8_____1_IT_1,5_75,5_75_,5_75_645,
285,5,364229,C8,C-8,2,1,75,,646,21,TI,I,SANTA EUGENIA,28,079,MADRID,A,Avda de Santa Eugenia N 2,20190919,20181105,,1482.6517,30,5,93_340,,,5__8_____2_IT_1_5_75__646_TI_I_21,,,,5__8___,5__8_____2_IT_1,5_75,5_75_,5_75_646,
286,5,364226,C7,C-7,1,1,75,,645,8,TI,I,SANTA EUGENIA,28,079,MADRID,A,Avda de Santa Eugenia N 2,20190919,20181105,,1987.2103,30,5,93_340,,,5__7_____1_IT_1_5_75__645_TI_I_8,,,,5__7___,5__7_____1_IT_1,5_75,5_75_,5_75_645,
287,5,370837,C8A,C-8a,1,1,75,,645,12,TI,I,SANTA EUGENIA,28,079,MADRID,A,Avda de Santa Eugenia N 2,20240125,20240101,,,30,5,93_340,,,5__8_A____1_IT_1_5_75__645_TI_I_12,,,,5__8_A__,5__8_A____1_IT_1,5_75,5_75_,5_75_645,
288,5,370838,C8A,C-8a,2,1,75,,646,22,TI,I,SANTA EUGENIA,28,079,MADRID,A,Avda de Santa Eugenia N 2,20240125,20240101,,1482.6517,30,5,93_340,,,5__8_A____2_IT_1_5_75__646_TI_I_22,,,,5__8_A__,5__8_A____2_IT_1,5_75,5_75_,5_75_646,
289,5,340742,C4A,C-4a,1,1,84,,670,13,TI,I,UNIVERSIDAD P. COMILLAS,28,079,MADRID,B1,Ctra del Goloso SN SN,20090625,20090625,,2421.2393,30,5,92_356,,,5__4_A____1_IT_1_5_84__670_TI_I_13,,,,5__4_A__,5__4_A____1_IT_1,5_84,5_84_,5_84_670,
290,5,340743,C4A,C-4a,2,1,84,,669,3,TI,I,UNIVERSIDAD P. COMILLAS,28,079,MADRID,B1,Ctra del Goloso SN SN,20090625,20090625,,2624.7254,30,5,92_356,,,5__4_A____2_IT_1_5_84__669_TI_I_3,,,,5__4_A__,5__4_A____2_IT_1,5_84,5_84_,5_84_669,
291,5,330338,C2,C-2,1,1,87,,675,13,TI,I,VALLECAS,28,079,MADRID,A,Avda de la Democracia N 1,20010621,19930101,,1477.8703,30,5,91_49,,,5__2_____1_IT_1_5_87__675_TI_I_13,,,,5__2___,5__2_____1_IT_1,5_87,5_87_,5_87_675,
292,5,330357,C2,C-2,2,1,87,,676,7,TI,I,VALLECAS,28,079,MADRID,A,Avda de la Democracia N 1,20010621,19930101,,2726.2306,30,5,91_49,,,5__2_____2_IT_1_5_87__676_TI_I_7,,,,5__2___,5__2_____2_IT_1,5_87,5_87_,5_87_676,
293,5,364227,C7,C-7,2,1,87,,676,16,TI,I,VALLECAS,28,079,MADRID,A,Avda de la Democracia N 1,20190919,20181105,,2726.2306,30,5,91_49,,,5__7_____2_IT_1_5_87__676_TI_I_16,,,,5__7___,5__7_____2_IT_1,5_87,5_87_,5_87_676,
294,5,364228,C8,C-8,1,1,87,,675,13,TI,I,VALLECAS,28,079,MADRID,A,Avda de la Democracia N 1,20190919,20181105,,1477.8703,30,5,91_49,,,5__8_____1_IT_1_5_87__675_TI_I_13,,,,5__8___,5__8_____1_IT_1,5_87,5_87_,5_87_675,
295,5,364229,C8,C-8,2,1,87,,676,20,TI,I,VALLECAS,28,079,MADRID,A,Avda de la Democracia N 1,20190919,20181105,,2726.2306,30,5,91_49,,,5__8_____2_IT_1_5_87__676_TI_I_20,,,,5__8___,5__8_____2_IT_1,5_87,5_87_,5_87_676,
296,5,364226,C7,C-7,1,1,87,,675,9,TI,I,VALLECAS,28,079,MADRID,A,Avda de la Democracia N 1,20190919,20181105,,1477.8703,30,5,91_49,,,5__7_____1_IT_1_5_87__675_TI_I_9,,,,5__7___,5__7_____1_IT_1,5_87,5_87_,5_87_675,
297,5,370837,C8A,C-8a,1,1,87,,675,13,TI,I,VALLECAS,28,079,MADRID,A,Avda de la Democracia N 1,20240125,20240101,,,30,5,91_49,,,5__8_A____1_IT_1_5_87__675_TI_I_13,,,,5__8_A__,5__8_A____1_IT_1,5_87,5_87_,5_87_675,
298,5,370838,C8A,C-8a,2,1,87,,676,21,TI,I,VALLECAS,28,079,MADRID,A,Avda de la Democracia N 1,20240125,20240101,,2726.2306,30,5,91_49,,,5__8_A____2_IT_1_5_87__676_TI_I_21,,,,5__8_A__,5__8_A____2_IT_1,5_87,5_87_,5_87_676,
299,5,330338,C2,C-2,1,1,90,,679,11,TI,I,VICÁLVARO,28,079,MADRID,A,Calle de San Cipriano N 85,20010621,19930101,,3838.4085,30,5,91_39,,,5__2_____1_IT_1_5_90__679_TI_I_11,,,,5__2___,5__2_____1_IT_1,5_90,5_90_,5_90_679,
300,5,330357,C2,C-2,2,1,90,,680,9,TI,I,VICÁLVARO,28,079,MADRID,A,Calle de San Cipriano N 85,20010621,19930101,,1987.0569,30,5,91_39,,,5__2_____2_IT_1_5_90__680_TI_I_9,,,,5__2___,5__2_____2_IT_1,5_90,5_90_,5_90_680,
301,5,364227,C7,C-7,2,1,90,,680,18,TI,I,VICÁLVARO,28,079,MADRID,A,Calle de San Cipriano N 85,20190919,20181105,,1987.0569,30,5,91_39,,,5__7_____2_IT_1_5_90__680_TI_I_18,,,,5__7___,5__7_____2_IT_1,5_90,5_90_,5_90_680,
302,5,364228,C8,C-8,1,1,90,,679,11,TI,I,VICÁLVARO,28,079,MADRID,A,Calle de San Cipriano N 85,20190919,20181105,,3838.4085,30,5,91_39,,,5__8_____1_IT_1_5_90__679_TI_I_11,,,,5__8___,5__8_____1_IT_1,5_90,5_90_,5_90_679,
303,5,364229,C8,C-8,2,1,90,,680,22,TI,I,VICÁLVARO,28,079,MADRID,A,Calle de San Cipriano N 85,20190919,20181105,,1987.0569,30,5,91_39,,,5__8_____2_IT_1_5_90__680_TI_I_22,,,,5__8___,5__8_____2_IT_1,5_90,5_90_,5_90_680,
304,5,364226,C7,C-7,1,1,90,,679,7,TI,I,VICÁLVARO,28,079,MADRID,A,Calle de San Cipriano N 85,20190919,20181105,,3838.4085,30,5,91_39,,,5__7_____1_IT_1_5_90__679_TI_I_7,,,,5__7___,5__7_____1_IT_1,5_90,5_90_,5_90_679,
305,5,370837,C8A,C-8a,1,1,90,,679,11,TI,I,VICÁLVARO,28,079,MADRID,A,Calle de San Cipriano N 85,20240125,20240101,,,30,5,91_39,,,5__8_A____1_IT_1_5_90__679_TI_I_11,,,,5__8_A__,5__8_A____1_IT_1,5_90,5_90_,5_90_679,
306,5,370838,C8A,C-8a,2,1,90,,680,23,TI,I,VICÁLVARO,28,079,MADRID,A,Calle de San Cipriano N 85,20240125,20240101,,1987.0569,30,5,91_39,,,5__8_A____2_IT_1_5_90__680_TI_I_23,,,,5__8_A__,5__8_A____2_IT_1,5_90,5_90_,5_90_680,
307,5,332751,C5,C-5,1,1,92,,1042,17,TI,I,VILLAVERDE ALTO,28,079,MADRID,A,Calle del Valle de Tobalina N 56,20040303,20040228,,1806.237,30,5,91_82,,,5__5_____1_IT_1_5_92__1042_TI_I_17,,,,5__5___,5__5_____1_IT_1,5_92,5_92_,5_92_1042,
308,5,340742,C4A,C-4a,1,1,92,,684,5,TI,I,VILLAVERDE ALTO,28,079,MADRID,A,Calle del Valle de Tobalina N 56,20090625,20090625,,2693.6797,30,5,91_82,,,5__4_A____1_IT_1_5_92__684_TI_I_5,,,,5__4_A__,5__4_A____1_IT_1,5_92,5_92_,5_92_684,
309,5,340743,C4A,C-4a,2,1,92,,683,11,TI,I,VILLAVERDE ALTO,28,079,MADRID,A,Calle del Valle de Tobalina N 56,20090625,20090625,,2973.1558,30,5,91_82,,,5__4_A____2_IT_1_5_92__683_TI_I_11,,,,5__4_A__,5__4_A____2_IT_1,5_92,5_92_,5_92_683,
310,5,340744,C4B,C-4b,1,1,92,,684,5,TI,I,VILLAVERDE ALTO,28,079,MADRID,A,Calle del Valle de Tobalina N 56,20090625,20090625,,2693.6797,30,5,91_82,,,5__4_B____1_IT_1_5_92__684_TI_I_5,,,,5__4_B__,5__4_B____1_IT_1,5_92,5_92_,5_92_684,
311,5,340745,C4B,C-4b,2,1,92,,683,11,TI,I,VILLAVERDE ALTO,28,079,MADRID,A,Calle del Valle de Tobalina N 56,20090625,20090625,,2973.1557,30,5,91_82,,,5__4_B____2_IT_1_5_92__683_TI_I_11,,,,5__4_B__,5__4_B____2_IT_1,5_92,5_92_,5_92_683,
312,5,332752,C5,C-5,2,1,92,,1041,7,TI,I,VILLAVERDE ALTO,28,079,MADRID,A,Calle del Valle de Tobalina N 56,20040303,20040228,,3115.8607,30,5,91_82,,,5__5_____2_IT_1_5_92__1041_TI_I_7,,,,5__5___,5__5_____2_IT_1,5_92,5_92_,5_92_1041,
313,5,340742,C4A,C-4a,1,1,93,,686,6,TI,I,VILLAVERDE BAJO,28,079,MADRID,A,Paseo de la Estación N 2,20090625,20090625,,2983.1632,30,5,92_23,,,5__4_A____1_IT_1_5_93__686_TI_I_6,,,,5__4_A__,5__4_A____1_IT_1,5_93,5_93_,5_93_686,
314,5,340743,C4A,C-4a,2,1,93,,685,10,TI,I,VILLAVERDE BAJO,28,079,MADRID,A,Paseo de la Estación N 2,20090625,20090625,,6724.2468,30,5,92_23,,,5__4_A____2_IT_1_5_93__685_TI_I_10,,,,5__4_A__,5__4_A____2_IT_1,5_93,5_93_,5_93_685,
315,5,340744,C4B,C-4b,1,1,93,,686,6,TI,I,VILLAVERDE BAJO,28,079,MADRID,A,Paseo de la Estación N 2,20090625,20090625,,2983.1631,30,5,92_23,,,5__4_B____1_IT_1_5_93__686_TI_I_6,,,,5__4_B__,5__4_B____1_IT_1,5_93,5_93_,5_93_686,
316,5,340745,C4B,C-4b,2,1,93,,685,10,TI,I,VILLAVERDE BAJO,28,079,MADRID,A,Paseo de la Estación N 2,20090625,20090625,,6724.2314,30,5,92_23,,,5__4_B____2_IT_1_5_93__685_TI_I_10,,,,5__4_B__,5__4_B____2_IT_1,5_93,5_93_,5_93_685,
317,5,364222,C3,C-3,1,1,93,,1038,9,TI,I,VILLAVERDE BAJO,28,079,MADRID,A,Paseo de la Estación N 2,20190919,20181105,,1163.7512,30,5,92_23,,,5__3_____1_IT_1_5_93__1038_TI_I_9,,,,5__3___,5__3_____1_IT_1,5_93,5_93_,5_93_1038,
318,5,364223,C3,C-3,2,1,93,,1037,5,TI,I,VILLAVERDE BAJO,28,079,MADRID,A,Paseo de la Estación N 2,20190919,20181105,,6720.3639,30,5,92_23,,,5__3_____2_IT_1_5_93__1037_TI_I_5,,,,5__3___,5__3_____2_IT_1,5_93,5_93_,5_93_1037,
319,5,345688,C1,C-1,1,1,142,,1205,11,TI,T,AEROPUERTO T4,28,079,MADRID,A,Ctra de Alcobendas a Barajas SN SN,20110914,20110922,,2730.388,30,5,90_33,,,5__1_____1_IT_1_5_142__1205_TI_T_11,,,,5__1___,5__1_____1_IT_1,5_142,5_142_,5_142_1205,
320,5,345689,C1,C-1,2,1,142,,1206,1,TI,T,AEROPUERTO T4,28,079,MADRID,A,Ctra de Alcobendas a Barajas SN SN,20110914,20110922,,0,0,5,90_33,,,5__1_____2_IT_1_5_142__1206_TI_T_1,,,,5__1___,5__1_____2_IT_1,5_142,5_142_,5_142_1206,
321,5,361622,C10,C-10,1,1,142,,1205,21,TI,T,AEROPUERTO T4,28,079,MADRID,A,Ctra de Alcobendas a Barajas SN SN,20180312,20170126,,2730.3907,30,5,90_33,,,5__10_____1_IT_1_5_142__1205_TI_T_21,,,,5__10___,5__10_____1_IT_1,5_142,5_142_,5_142_1205,
322,5,361623,C10,C-10,2,1,142,,1206,1,TI,T,AEROPUERTO T4,28,079,MADRID,A,Ctra de Alcobendas a Barajas SN SN,20180312,20170126,,0,0,5,90_33,,,5__10_____2_IT_1_5_142__1206_TI_T_1,,,,5__10___,5__10_____2_IT_1,5_142,5_142_,5_142_1206,
323,5,340742,C4A,C-4a,1,1,122,,1052,8,TI,I,SOL,28,079,MADRID,A,Plaza de la Puerta del Sol N 6,20090625,20090625,,2022.5429,30,5,90_58,,,5__4_A____1_IT_1_5_122__1052_TI_I_8,,,,5__4_A__,5__4_A____1_IT_1,5_122,5_122_,5_122_1052,
324,5,340743,C4A,C-4a,2,1,122,,1053,8,TI,I,SOL,28,079,MADRID,A,Plaza de la Puerta del Sol N 6,20090625,20090625,,3401.1041,30,5,90_58,,,5__4_A____2_IT_1_5_122__1053_TI_I_8,,,,5__4_A__,5__4_A____2_IT_1,5_122,5_122_,5_122_1053,
325,5,340744,C4B,C-4b,1,1,122,,1052,8,TI,I,SOL,28,079,MADRID,A,Plaza de la Puerta del Sol N 6,20090625,20090625,,2022.5429,30,5,90_58,,,5__4_B____1_IT_1_5_122__1052_TI_I_8,,,,5__4_B__,5__4_B____1_IT_1,5_122,5_122_,5_122_1052,
326,5,340745,C4B,C-4b,2,1,122,,1053,8,TI,I,SOL,28,079,MADRID,A,Plaza de la Puerta del Sol N 6,20090625,20090625,,3401.1041,30,5,90_58,,,5__4_B____2_IT_1_5_122__1053_TI_I_8,,,,5__4_B__,5__4_B____2_IT_1,5_122,5_122_,5_122_1053,
327,5,364222,C3,C-3,1,1,122,,1052,11,TI,I,SOL,28,079,MADRID,A,Plaza de la Puerta del Sol N 6,20190919,20181105,,2022.5429,30,5,90_58,,,5__3_____1_IT_1_5_122__1052_TI_I_11,,,,5__3___,5__3_____1_IT_1,5_122,5_122_,5_122_1052,
328,5,364223,C3,C-3,2,1,122,,1053,3,TI,I,SOL,28,079,MADRID,A,Plaza de la Puerta del Sol N 6,20190919,20181105,,3401.1041,30,5,90_58,,,5__3_____2_IT_1_5_122__1053_TI_I_3,,,,5__3___,5__3_____2_IT_1,5_122,5_122_,5_122_1053,
329,5,345689,C1,C-1,2,1,133,,1163,3,TI,I,FUENTE DE LA MORA,28,079,MADRID,A,Calle de Dulce Chacón N 15,20110914,20110922,,4062.8386,30,5,92_102,,,5__1_____2_IT_1_5_133__1163_TI_I_3,,,,5__1___,5__1_____2_IT_1,5_133,5_133_,5_133_1163,
330,5,345688,C1,C-1,1,1,133,,1162,9,TI,I,FUENTE DE LA MORA,28,079,MADRID,A,Calle de Dulce Chacón N 15,20110914,20110922,,2694.1474,30,5,92_102,,,5__1_____1_IT_1_5_133__1162_TI_I_9,,,,5__1___,5__1_____1_IT_1,5_133,5_133_,5_133_1162,
331,5,361622,C10,C-10,1,1,133,,1162,19,TI,I,FUENTE DE LA MORA,28,079,MADRID,A,Calle de Dulce Chacón N 15,20180312,20170126,,2693.8904,30,5,92_102,,,5__10_____1_IT_1_5_133__1162_TI_I_19,,,,5__10___,5__10_____1_IT_1,5_133,5_133_,5_133_1162,
332,5,361623,C10,C-10,2,1,133,,1163,3,TI,I,FUENTE DE LA MORA,28,079,MADRID,A,Calle de Dulce Chacón N 15,20180312,20170126,,4062.831,30,5,92_102,,,5__10_____2_IT_1_5_133__1163_TI_I_3,,,,5__10___,5__10_____2_IT_1,5_133,5_133_,5_133_1163,
333,5,345689,C1,C-1,2,1,144,,1212,2,TI,I,VALDEBEBAS,28,079,MADRID,A,Avda de las Fuerzas Armadas N 322,20110914,20110922,,2709.9956,30,5,93_540,,,5__1_____2_IT_1_5_144__1212_TI_I_2,,,,5__1___,5__1_____2_IT_1,5_144,5_144_,5_144_1212,
334,5,345688,C1,C-1,1,1,144,,1211,10,TI,I,VALDEBEBAS,28,079,MADRID,A,Avda de las Fuerzas Armadas N 322,20110914,20110922,,4065.1672,30,5,93_540,,,5__1_____1_IT_1_5_144__1211_TI_I_10,,,,5__1___,5__1_____1_IT_1,5_144,5_144_,5_144_1211,
335,5,361622,C10,C-10,1,1,144,,1211,20,TI,I,VALDEBEBAS,28,079,MADRID,A,Avda de las Fuerzas Armadas N 322,20180312,20170126,,4065.1596,30,5,93_540,,,5__10_____1_IT_1_5_144__1211_TI_I_20,,,,5__10___,5__10_____1_IT_1,5_144,5_144_,5_144_1211,
336,5,361623,C10,C-10,2,1,144,,1212,2,TI,I,VALDEBEBAS,28,079,MADRID,A,Avda de las Fuerzas Armadas N 322,20180312,20170126,,2709.9983,30,5,93_540,,,5__10_____2_IT_1_5_144__1212_TI_I_2,,,,5__10___,5__10_____2_IT_1,5_144,5_144_,5_144_1212,
337,5,364227,C7,C-7,2,1,145,,1214,8,TI,I,MIRASIERRA-PACO DE LUCÍA,28,079,MADRID,A,Calle de la Costa Brava N 14B,20190919,20181105,,1543.0062,30,5,93_480,,,5__7_____2_IT_1_5_145__1214_TI_I_8,,,,5__7___,5__7_____2_IT_1,5_145,5_145_,5_145_1214,
338,5,364228,C8,C-8,1,1,145,,1213,21,TI,I,MIRASIERRA-PACO DE LUCÍA,28,079,MADRID,A,Calle de la Costa Brava N 14B,20190919,20181105,,2176.2775,30,5,93_480,,,5__8_____1_IT_1_5_145__1213_TI_I_21,,,,5__8___,5__8_____1_IT_1,5_145,5_145_,5_145_1213,
339,5,364229,C8,C-8,2,1,145,,1214,12,TI,I,MIRASIERRA-PACO DE LUCÍA,28,079,MADRID,A,Calle de la Costa Brava N 14B,20190919,20181105,,1543.0062,30,5,93_480,,,5__8_____2_IT_1_5_145__1214_TI_I_12,,,,5__8___,5__8_____2_IT_1,5_145,5_145_,5_145_1214,
340,5,364226,C7,C-7,1,1,145,,1213,17,TI,I,MIRASIERRA-PACO DE LUCÍA,28,079,MADRID,A,Calle de la Costa Brava N 14B,20190919,20181105,,2176.2775,30,5,93_480,,,5__7_____1_IT_1_5_145__1213_TI_I_17,,,,5__7___,5__7_____1_IT_1,5_145,5_145_,5_145_1213,
341,5,370837,C8A,C-8a,1,1,145,,1213,21,TI,I,MIRASIERRA-PACO DE LUCÍA,28,079,MADRID,A,Calle de la Costa Brava N 14B,20240125,20240101,,,30,5,93_480,,,5__8_A____1_IT_1_5_145__1213_TI_I_21,,,,5__8_A__,5__8_A____1_IT_1,5_145,5_145_,5_145_1213,
342,5,370838,C8A,C-8a,2,1,145,,1214,13,TI,I,MIRASIERRA-PACO DE LUCÍA,28,079,MADRID,A,Calle de la Costa Brava N 14B,20240125,20240101,,1543.0062,30,5,93_480,,,5__8_A____2_IT_1_5_145__1214_TI_I_13,,,,5__8_A__,5__8_A____2_IT_1,5_145,5_145_,5_145_1214,
343,5,361622,C10,C-10,1,1,42,,579,7,TI,I,MAJADAHONDA,28,080,MAJADAHONDA,B2,Cmno   Estación del Plantío N 6,20180312,20170126,,3039.3208,30,5,92_263,,,5__10_____1_IT_1_5_42__579_TI_I_7,,,,5__10___,5__10_____1_IT_1,5_42,5_42_,5_42_579,
344,5,361623,C10,C-10,2,1,42,,580,15,TI,I,MAJADAHONDA,28,080,MAJADAHONDA,B2,Cmno   Estación del Plantío N 6,20180312,20170126,,3422.6177,30,5,92_263,,,5__10_____2_IT_1_5_42__580_TI_I_15,,,,5__10___,5__10_____2_IT_1,5_42,5_42_,5_42_580,
345,5,364227,C7,C-7,2,1,42,,580,5,TI,I,MAJADAHONDA,28,080,MAJADAHONDA,B2,Cmno   Estación del Plantío N 6,20190919,20181105,,3422.6177,30,5,92_263,,,5__7_____2_IT_1_5_42__580_TI_I_5,,,,5__7___,5__7_____2_IT_1,5_42,5_42_,5_42_580,
346,5,364226,C7,C-7,1,1,42,,579,20,TI,I,MAJADAHONDA,28,080,MAJADAHONDA,B2,Cmno   Estación del Plantío N 6,20190919,20181105,,3039.3208,30,5,92_263,,,5__7_____1_IT_1_5_42__579_TI_I_20,,,,5__7___,5__7_____1_IT_1,5_42,5_42_,5_42_579,
347,5,330338,C2,C-2,1,1,45,,585,3,TI,I,MECO,28,083,MECO,C1,Trva de la Calera N 3,20010621,19930101,,4060.0112,30,5,93_271,,,5__2_____1_IT_1_5_45__585_TI_I_3,,,,5__2___,5__2_____1_IT_1,5_45,5_45_,5_45_585,
348,5,330357,C2,C-2,2,1,45,,586,17,TI,I,MECO,28,083,MECO,C1,Trva de la Calera N 3,20010621,19930101,,4487.3368,30,5,93_271,,,5__2_____2_IT_1_5_45__586_TI_I_17,,,,5__2___,5__2_____2_IT_1,5_45,5_45_,5_45_586,
349,5,364228,C8,C-8,1,1,45,,585,3,TI,I,MECO,28,083,MECO,C1,Trva de la Calera N 3,20190919,20181105,,4060.0112,30,5,93_271,,,5__8_____1_IT_1_5_45__585_TI_I_3,,,,5__8___,5__8_____1_IT_1,5_45,5_45_,5_45_585,
350,5,364229,C8,C-8,2,1,45,,586,30,TI,I,MECO,28,083,MECO,C1,Trva de la Calera N 3,20190919,20181105,,4487.3368,30,5,93_271,,,5__8_____2_IT_1_5_45__586_TI_I_30,,,,5__8___,5__8_____2_IT_1,5_45,5_45_,5_45_586,
351,5,370837,C8A,C-8a,1,1,45,,585,3,TI,I,MECO,28,083,MECO,C1,Trva de la Calera N 3,20240125,20240101,,,30,5,93_271,,,5__8_A____1_IT_1_5_45__585_TI_I_3,,,,5__8_A__,5__8_A____1_IT_1,5_45,5_45_,5_45_585,
352,5,370838,C8A,C-8a,2,1,45,,586,31,TI,I,MECO,28,083,MECO,C1,Trva de la Calera N 3,20240125,20240101,,4487.3368,30,5,93_271,,,5__8_A____2_IT_1_5_45__586_TI_I_31,,,,5__8_A__,5__8_A____2_IT_1,5_45,5_45_,5_45_586,
353,5,364228,C8,C-8,1,1,47,,589,31,TI,I,"MOLINOS, LOS",28,087,"MOLINOS, LOS",C2,Gta de la Estación N 2,20190919,20181105,,3727.4639,30,5,93_276,,,5__8_____1_IT_1_5_47__589_TI_I_31,,,,5__8___,5__8_____1_IT_1,5_47,5_47_,5_47_589,
354,5,364229,C8,C-8,2,1,47,,590,2,TI,I,"MOLINOS, LOS",28,087,"MOLINOS, LOS",C2,Gta de la Estación N 2,20190919,20181105,,5306.7529,30,5,93_276,,,5__8_____2_IT_1_5_47__590_TI_I_2,,,,5__8___,5__8_____2_IT_1,5_47,5_47_,5_47_590,
355,5,332752,C5,C-5,2,1,48,,592,22,TI,I,MÓSTOLES,28,092,MOSTOLES,B2,Paseo de la Estación N 13,20040303,20040228,,2372.5657,30,5,92_90,,,5__5_____2_IT_1_5_48__592_TI_I_22,,,,5__5___,5__5_____2_IT_1,5_48,5_48_,5_48_592,
356,5,332751,C5,C-5,1,1,48,,591,2,TI,I,MÓSTOLES,28,092,MOSTOLES,B2,Paseo de la Estación N 13,20040303,20040228,,2003.2166,30,5,92_90,,,5__5_____1_IT_1_5_48__591_TI_I_2,,,,5__5___,5__5_____1_IT_1,5_48,5_48_,5_48_591,
357,5,332752,C5,C-5,2,1,49,,594,23,TI,C,MÓSTOLES EL SOTO,28,092,MOSTOLES,B2,Calle   Granada N 17,20040303,20040228,,2001.6869,30,5,93_278,,,5__5_____2_IT_1_5_49__594_TI_C_23,,,,5__5___,5__5_____2_IT_1,5_49,5_49_,5_49_594,
358,5,332751,C5,C-5,1,1,49,,593,1,TI,C,MÓSTOLES EL SOTO,28,092,MOSTOLES,B2,Calle   Granada N 17,20040303,20040228,,0,0,5,93_278,,,5__5_____1_IT_1_5_49__593_TI_C_1,,,,5__5___,5__5_____1_IT_1,5_49,5_49_,5_49_593,
359,5,340742,C4A,C-4a,1,1,53,,602,1,TI,C,PARLA,28,106,PARLA,B2,Calle  Real N 81,20090625,20090625,,0,0,5,92_100,,,5__4_A____1_IT_1_5_53__602_TI_C_1,,,,5__4_A__,5__4_A____1_IT_1,5_53,5_53_,5_53_602,
360,5,340743,C4A,C-4a,2,1,53,,601,15,TI,C,PARLA,28,106,PARLA,B2,Calle  Real N 81,20090625,20090625,,7874.4857,30,5,92_100,,,5__4_A____2_IT_1_5_53__601_TI_C_15,,,,5__4_A__,5__4_A____2_IT_1,5_53,5_53_,5_53_601,
361,5,340744,C4B,C-4b,1,1,53,,602,1,TI,C,PARLA,28,106,PARLA,B2,Calle  Real N 81,20090625,20090625,,0,0,5,92_100,,,5__4_B____1_IT_1_5_53__602_TI_C_1,,,,5__4_B__,5__4_B____1_IT_1,5_53,5_53_,5_53_602,
362,5,340745,C4B,C-4b,2,1,53,,601,15,TI,C,PARLA,28,106,PARLA,B2,Calle  Real N 81,20090625,20090625,,7874.4856,30,5,92_100,,,5__4_B____2_IT_1_5_53__601_TI_C_15,,,,5__4_B__,5__4_B____2_IT_1,5_53,5_53_,5_53_601,
363,5,364222,C3,C-3,1,1,56,,608,4,TI,I,PINTO,28,113,PINTO,B2,Calle del Ferrocarril N 4,20190919,20181105,,6311.2071,30,5,93_299,,,5__3_____1_IT_1_5_56__608_TI_I_4,,,,5__3___,5__3_____1_IT_1,5_56,5_56_,5_56_608,
364,5,364223,C3,C-3,2,1,56,,607,10,TI,I,PINTO,28,113,PINTO,B2,Calle del Ferrocarril N 4,20190919,20181105,,6981.1421,30,5,93_299,,,5__3_____2_IT_1_5_56__607_TI_I_10,,,,5__3___,5__3_____2_IT_1,5_56,5_56_,5_56_607,
365,5,361622,C10,C-10,1,1,60,,615,9,TI,I,POZUELO,28,115,POZUELO DE ALARCON,B1,Calle   Estación N 2,20180312,20170126,,2616.1886,30,5,93_303,,,5__10_____1_IT_1_5_60__615_TI_I_9,,,,5__10___,5__10_____1_IT_1,5_60,5_60_,5_60_615,
366,5,361623,C10,C-10,2,1,60,,616,13,TI,I,POZUELO,28,115,POZUELO DE ALARCON,B1,Calle   Estación N 2,20180312,20170126,,1204.3029,30,5,93_303,,,5__10_____2_IT_1_5_60__616_TI_I_13,,,,5__10___,5__10_____2_IT_1,5_60,5_60_,5_60_616,
367,5,364227,C7,C-7,2,1,60,,616,3,TI,I,POZUELO,28,115,POZUELO DE ALARCON,B1,Calle   Estación N 2,20190919,20181105,,1204.3029,30,5,93_303,,,5__7_____2_IT_1_5_60__616_TI_I_3,,,,5__7___,5__7_____2_IT_1,5_60,5_60_,5_60_616,
368,5,364226,C7,C-7,1,1,60,,615,22,TI,I,POZUELO,28,115,POZUELO DE ALARCON,B1,Calle   Estación N 2,20190919,20181105,,2616.1886,30,5,93_303,,,5__7_____1_IT_1_5_60__615_TI_I_22,,,,5__7___,5__7_____1_IT_1,5_60,5_60_,5_60_615,
369,5,370837,C8A,C-8a,1,1,67,,629,32,TI,I,ROBLEDO DE CHAVELA,28,125,ROBLEDO DE CHAVELA,C2,Calle de Francisco Quevedo N 295,20240125,20240101,,8370.4539,30,5,93_320,,,5__8_A____1_IT_1_5_67__629_TI_I_32,,,,5__8_A__,5__8_A____1_IT_1,5_67,5_67_,5_67_629,
370,5,370838,C8A,C-8a,2,1,67,,630,2,TI,I,ROBLEDO DE CHAVELA,28,125,ROBLEDO DE CHAVELA,C2,Calle de Francisco Quevedo N 295,20240125,20240101,,6755.9345,30,5,93_320,,,5__8_A____2_IT_1_5_67__630_TI_I_2,,,,5__8_A__,5__8_A____2_IT_1,5_67,5_67_,5_67_630,
371,5,361622,C10,C-10,1,1,44,,584,4,TI,I,"MATAS, LAS",28,127,"ROZAS DE MADRID, LAS",B2,Plaza del Ferrocarril N 1,20180312,20170126,,6096.915,30,5,93_270,,,5__10_____1_IT_1_5_44__584_TI_I_4,,,,5__10___,5__10_____1_IT_1,5_44,5_44_,5_44_584,
372,5,361623,C10,C-10,2,1,44,,583,18,TI,I,"MATAS, LAS",28,127,"ROZAS DE MADRID, LAS",B2,Plaza del Ferrocarril N 1,20180312,20170126,,3541.3729,30,5,93_270,,,5__10_____2_IT_1_5_44__583_TI_I_18,,,,5__10___,5__10_____2_IT_1,5_44,5_44_,5_44_583,
373,5,364228,C8,C-8,1,1,44,,583,24,TI,I,"MATAS, LAS",28,127,"ROZAS DE MADRID, LAS",B2,Plaza del Ferrocarril N 1,20190919,20181105,,3541.3729,30,5,93_270,,,5__8_____1_IT_1_5_44__583_TI_I_24,,,,5__8___,5__8_____1_IT_1,5_44,5_44_,5_44_583,
374,5,364229,C8,C-8,2,1,44,,584,9,TI,I,"MATAS, LAS",28,127,"ROZAS DE MADRID, LAS",B2,Plaza del Ferrocarril N 1,20190919,20181105,,6096.9151,30,5,93_270,,,5__8_____2_IT_1_5_44__584_TI_I_9,,,,5__8___,5__8_____2_IT_1,5_44,5_44_,5_44_584,
375,5,370837,C8A,C-8a,1,1,44,,583,24,TI,I,"MATAS, LAS",28,127,"ROZAS DE MADRID, LAS",B2,Plaza del Ferrocarril N 1,20240125,20240101,,,30,5,93_270,,,5__8_A____1_IT_1_5_44__583_TI_I_24,,,,5__8_A__,5__8_A____1_IT_1,5_44,5_44_,5_44_583,
376,5,370838,C8A,C-8a,2,1,44,,584,10,TI,I,"MATAS, LAS",28,127,"ROZAS DE MADRID, LAS",B2,Plaza del Ferrocarril N 1,20240125,20240101,,6096.9151,30,5,93_270,,,5__8_A____2_IT_1_5_44__584_TI_I_10,,,,5__8_A__,5__8_A____2_IT_1,5_44,5_44_,5_44_584,
377,5,361622,C10,C-10,1,1,55,,606,5,TI,I,PINAR DE LAS ROZAS,28,127,"ROZAS DE MADRID, LAS",B2,Lugar   Estación Ferrocarril El Pinar N 1,20180312,20170126,,3541.9818,30,5,93_297,,,5__10_____1_IT_1_5_55__606_TI_I_5,,,,5__10___,5__10_____1_IT_1,5_55,5_55_,5_55_606,
378,5,361623,C10,C-10,2,1,55,,605,17,TI,I,PINAR DE LAS ROZAS,28,127,"ROZAS DE MADRID, LAS",B2,Lugar   Estación Ferrocarril El Pinar N 1,20180312,20170126,,3379.323,30,5,93_297,,,5__10_____2_IT_1_5_55__605_TI_I_17,,,,5__10___,5__10_____2_IT_1,5_55,5_55_,5_55_605,
379,5,364228,C8,C-8,1,1,55,,605,23,TI,I,PINAR DE LAS ROZAS,28,127,"ROZAS DE MADRID, LAS",B2,Lugar   Estación Ferrocarril El Pinar N 1,20190919,20181105,,14902.5837,30,5,93_297,,,5__8_____1_IT_1_5_55__605_TI_I_23,,,,5__8___,5__8_____1_IT_1,5_55,5_55_,5_55_605,
380,5,364229,C8,C-8,2,1,55,,606,10,TI,I,PINAR DE LAS ROZAS,28,127,"ROZAS DE MADRID, LAS",B2,Lugar   Estación Ferrocarril El Pinar N 1,20190919,20181105,,3541.9818,30,5,93_297,,,5__8_____2_IT_1_5_55__606_TI_I_10,,,,5__8___,5__8_____2_IT_1,5_55,5_55_,5_55_606,
381,5,370837,C8A,C-8a,1,1,55,,605,23,TI,I,PINAR DE LAS ROZAS,28,127,"ROZAS DE MADRID, LAS",B2,Lugar   Estación Ferrocarril El Pinar N 1,20240125,20240101,,,30,5,93_297,,,5__8_A____1_IT_1_5_55__605_TI_I_23,,,,5__8_A__,5__8_A____1_IT_1,5_55,5_55_,5_55_605,
382,5,370838,C8A,C-8a,2,1,55,,606,11,TI,I,PINAR DE LAS ROZAS,28,127,"ROZAS DE MADRID, LAS",B2,Lugar   Estación Ferrocarril El Pinar N 1,20240125,20240101,,3541.9818,30,5,93_297,,,5__8_A____2_IT_1_5_55__606_TI_I_11,,,,5__8_A__,5__8_A____2_IT_1,5_55,5_55_,5_55_606,
383,5,361622,C10,C-10,1,1,68,,631,6,TI,I,"ROZAS, LAS",28,127,"ROZAS DE MADRID, LAS",B2,Calle de la Vía de Servicio de las Rozas N 1,20180312,20170126,,3359.663,30,5,93_322,,,5__10_____1_IT_1_5_68__631_TI_I_6,,,,5__10___,5__10_____1_IT_1,5_68,5_68_,5_68_631,
384,5,361623,C10,C-10,2,1,68,,632,16,TI,I,"ROZAS, LAS",28,127,"ROZAS DE MADRID, LAS",B2,Calle de la Vía de Servicio de las Rozas N 1,20180312,20170126,,3034.1627,30,5,93_322,,,5__10_____2_IT_1_5_68__632_TI_I_16,,,,5__10___,5__10_____2_IT_1,5_68,5_68_,5_68_632,
385,5,364227,C7,C-7,2,1,68,,632,6,TI,I,"ROZAS, LAS",28,127,"ROZAS DE MADRID, LAS",B2,Calle de la Vía de Servicio de las Rozas N 1,20190919,20181105,,3034.1627,30,5,93_322,,,5__7_____2_IT_1_5_68__632_TI_I_6,,,,5__7___,5__7_____2_IT_1,5_68,5_68_,5_68_632,
386,5,364226,C7,C-7,1,1,68,,631,19,TI,I,"ROZAS, LAS",28,127,"ROZAS DE MADRID, LAS",B2,Calle de la Vía de Servicio de las Rozas N 1,20190919,20181105,,15458.3932,30,5,93_322,,,5__7_____1_IT_1_5_68__631_TI_I_19,,,,5__7___,5__7_____1_IT_1,5_68,5_68_,5_68_631,
387,5,370837,C8A,C-8a,1,1,76,,647,33,TI,T,SANTA MARÍA DE LA ALAMEDA,28,135,SANTA MARIA DE LA ALAMEDA,C2,Calle   Doce de Octubre N 20,20240125,20240101,,6759.1373,30,5,93_341,,,5__8_A____1_IT_1_5_76__647_TI_T_33,,,,5__8_A__,5__8_A____1_IT_1,5_76,5_76_,5_76_647,
388,5,370838,C8A,C-8a,2,1,76,,648,1,TI,T,SANTA MARÍA DE LA ALAMEDA,28,135,SANTA MARIA DE LA ALAMEDA,C2,Calle   Doce de Octubre N 20,20240125,20240101,,,0,5,93_341,,,5__8_A____2_IT_1_5_76__648_TI_T_1,,,,5__8_A__,5__8_A____2_IT_1,5_76,5_76_,5_76_648,
389,5,330338,C2,C-2,1,1,81,,663,8,TI,I,TORREJÓN DE ARDOZ,28,148,TORREJON DE ARDOZ,B2,Paseo   Estación N 3,20010621,19930101,,3416.3093,30,5,93_351,,,5__2_____1_IT_1_5_81__663_TI_I_8,,,,5__2___,5__2_____1_IT_1,5_81,5_81_,5_81_663,
390,5,330357,C2,C-2,2,1,81,,664,12,TI,I,TORREJÓN DE ARDOZ,28,148,TORREJON DE ARDOZ,B2,Paseo   Estación N 3,20010621,19930101,,4813.1263,30,5,93_351,,,5__2_____2_IT_1_5_81__664_TI_I_12,,,,5__2___,5__2_____2_IT_1,5_81,5_81_,5_81_664,
391,5,364227,C7,C-7,2,1,81,,664,21,TI,I,TORREJÓN DE ARDOZ,28,148,TORREJON DE ARDOZ,B2,Paseo   Estación N 3,20190919,20181105,,4813.1263,30,5,93_351,,,5__7_____2_IT_1_5_81__664_TI_I_21,,,,5__7___,5__7_____2_IT_1,5_81,5_81_,5_81_664,
392,5,364228,C8,C-8,1,1,81,,663,8,TI,I,TORREJÓN DE ARDOZ,28,148,TORREJON DE ARDOZ,B2,Paseo   Estación N 3,20190919,20181105,,3416.3093,30,5,93_351,,,5__8_____1_IT_1_5_81__663_TI_I_8,,,,5__8___,5__8_____1_IT_1,5_81,5_81_,5_81_663,
393,5,364229,C8,C-8,2,1,81,,664,25,TI,I,TORREJÓN DE ARDOZ,28,148,TORREJON DE ARDOZ,B2,Paseo   Estación N 3,20190919,20181105,,4813.1263,30,5,93_351,,,5__8_____2_IT_1_5_81__664_TI_I_25,,,,5__8___,5__8_____2_IT_1,5_81,5_81_,5_81_664,
394,5,364226,C7,C-7,1,1,81,,663,4,TI,I,TORREJÓN DE ARDOZ,28,148,TORREJON DE ARDOZ,B2,Paseo   Estación N 3,20190919,20181105,,3416.8944,30,5,93_351,,,5__7_____1_IT_1_5_81__663_TI_I_4,,,,5__7___,5__7_____1_IT_1,5_81,5_81_,5_81_663,
395,5,370837,C8A,C-8a,1,1,81,,663,8,TI,I,TORREJÓN DE ARDOZ,28,148,TORREJON DE ARDOZ,B2,Paseo   Estación N 3,20240125,20240101,,,30,5,93_351,,,5__8_A____1_IT_1_5_81__663_TI_I_8,,,,5__8_A__,5__8_A____1_IT_1,5_81,5_81_,5_81_663,
396,5,370838,C8A,C-8a,2,1,81,,664,26,TI,I,TORREJÓN DE ARDOZ,28,148,TORREJON DE ARDOZ,B2,Paseo   Estación N 3,20240125,20240101,,4813.1263,30,5,93_351,,,5__8_A____2_IT_1_5_81__664_TI_I_26,,,,5__8_A__,5__8_A____2_IT_1,5_81,5_81_,5_81_664,
397,5,330338,C2,C-2,1,1,143,,1209,7,TI,I,SOTO DEL HENARES,28,148,TORREJON DE ARDOZ,B2,Paseo de la Democracia N 17,20010621,19930101,,4495.8286,30,5,93_520,,,5__2_____1_IT_1_5_143__1209_TI_I_7,,,,5__2___,5__2_____1_IT_1,5_143,5_143_,5_143_1209,
398,5,330357,C2,C-2,2,1,143,,1210,13,TI,I,SOTO DEL HENARES,28,148,TORREJON DE ARDOZ,B2,Paseo de la Democracia N 17,20010621,19930101,,3419.8453,30,5,93_520,,,5__2_____2_IT_1_5_143__1210_TI_I_13,,,,5__2___,5__2_____2_IT_1,5_143,5_143_,5_143_1210,
399,5,364227,C7,C-7,2,1,143,,1210,22,TI,I,SOTO DEL HENARES,28,148,TORREJON DE ARDOZ,B2,Paseo de la Democracia N 17,20190919,20181105,,3419.5736,30,5,93_520,,,5__7_____2_IT_1_5_143__1210_TI_I_22,,,,5__7___,5__7_____2_IT_1,5_143,5_143_,5_143_1210,
400,5,364228,C8,C-8,1,1,143,,1209,7,TI,I,SOTO DEL HENARES,28,148,TORREJON DE ARDOZ,B2,Paseo de la Democracia N 17,20190919,20181105,,4495.8286,30,5,93_520,,,5__8_____1_IT_1_5_143__1209_TI_I_7,,,,5__8___,5__8_____1_IT_1,5_143,5_143_,5_143_1209,
401,5,364229,C8,C-8,2,1,143,,1210,26,TI,I,SOTO DEL HENARES,28,148,TORREJON DE ARDOZ,B2,Paseo de la Democracia N 17,20190919,20181105,,3419.8453,30,5,93_520,,,5__8_____2_IT_1_5_143__1210_TI_I_26,,,,5__8___,5__8_____2_IT_1,5_143,5_143_,5_143_1210,
402,5,364226,C7,C-7,1,1,143,,1209,3,TI,I,SOTO DEL HENARES,28,148,TORREJON DE ARDOZ,B2,Paseo de la Democracia N 17,20190919,20181105,,4495.2437,30,5,93_520,,,5__7_____1_IT_1_5_143__1209_TI_I_3,,,,5__7___,5__7_____1_IT_1,5_143,5_143_,5_143_1209,
403,5,370837,C8A,C-8a,1,1,143,,1209,7,TI,I,SOTO DEL HENARES,28,148,TORREJON DE ARDOZ,B2,Paseo de la Democracia N 17,20240125,20240101,,,30,5,93_520,,,5__8_A____1_IT_1_5_143__1209_TI_I_7,,,,5__8_A__,5__8_A____1_IT_1,5_143,5_143_,5_143_1209,
404,5,370838,C8A,C-8a,2,1,143,,1210,27,TI,I,SOTO DEL HENARES,28,148,TORREJON DE ARDOZ,B2,Paseo de la Democracia N 17,20240125,20240101,,3419.8453,30,5,93_520,,,5__8_A____2_IT_1_5_143__1210_TI_I_27,,,,5__8_A__,5__8_A____2_IT_1,5_143,5_143_,5_143_1210,
405,5,361622,C10,C-10,1,1,82,,666,3,TI,I,TORRELODONES,28,152,TORRELODONES,B3,Plaza de Salvador Sánchez Frascuelo N 6,20180312,20170126,,3861.7155,30,5,93_352,,,5__10_____1_IT_1_5_82__666_TI_I_3,,,,5__10___,5__10_____1_IT_1,5_82,5_82_,5_82_666,
406,5,361623,C10,C-10,2,1,82,,665,19,TI,I,TORRELODONES,28,152,TORRELODONES,B3,Plaza de Salvador Sánchez Frascuelo N 6,20180312,20170126,,6098.7778,30,5,93_352,,,5__10_____2_IT_1_5_82__665_TI_I_19,,,,5__10___,5__10_____2_IT_1,5_82,5_82_,5_82_665,
407,5,364228,C8,C-8,1,1,82,,665,25,TI,I,TORRELODONES,28,152,TORRELODONES,B3,Plaza de Salvador Sánchez Frascuelo N 6,20190919,20181105,,6098.7778,30,5,93_352,,,5__8_____1_IT_1_5_82__665_TI_I_25,,,,5__8___,5__8_____1_IT_1,5_82,5_82_,5_82_665,
408,5,364229,C8,C-8,2,1,82,,666,8,TI,I,TORRELODONES,28,152,TORRELODONES,B3,Plaza de Salvador Sánchez Frascuelo N 6,20190919,20181105,,3861.7155,30,5,93_352,,,5__8_____2_IT_1_5_82__666_TI_I_8,,,,5__8___,5__8_____2_IT_1,5_82,5_82_,5_82_666,
409,5,370837,C8A,C-8a,1,1,82,,665,25,TI,I,TORRELODONES,28,152,TORRELODONES,B3,Plaza de Salvador Sánchez Frascuelo N 6,20240125,20240101,,,30,5,93_352,,,5__8_A____1_IT_1_5_82__665_TI_I_25,,,,5__8_A__,5__8_A____1_IT_1,5_82,5_82_,5_82_665,
410,5,370838,C8A,C-8a,2,1,82,,666,9,TI,I,TORRELODONES,28,152,TORRELODONES,B3,Plaza de Salvador Sánchez Frascuelo N 6,20240125,20240101,,3861.7155,30,5,93_352,,,5__8_A____2_IT_1_5_82__666_TI_I_9,,,,5__8_A__,5__8_A____2_IT_1,5_82,5_82_,5_82_666,
411,5,364222,C3,C-3,1,1,86,,674,3,TI,I,VALDEMORO,28,161,VALDEMORO,B3,Paseo de la Estación N 86,20190919,20181105,,6510.9315,30,5,92_364,,,5__3_____1_IT_1_5_86__674_TI_I_3,,,,5__3___,5__3_____1_IT_1,5_86,5_86_,5_86_674,
412,5,364223,C3,C-3,2,1,86,,673,11,TI,I,VALDEMORO,28,161,VALDEMORO,B3,Paseo de la Estación N 86,20190919,20181105,,6313.7687,30,5,92_364,,,5__3_____2_IT_1_5_86__673_TI_I_11,,,,5__3___,5__3_____2_IT_1,5_86,5_86_,5_86_673,
413,5,370837,C8A,C-8a,1,1,94,,687,31,TI,I,ZARZALEJO,28,183,ZARZALEJO,C2,Calle del Ferrocarril SN 13,20240125,20240101,,6341.3352,30,5,93_375,,,5__8_A____1_IT_1_5_94__687_TI_I_31,,,,5__8_A__,5__8_A____1_IT_1,5_94,5_94_,5_94_687,
414,5,370838,C8A,C-8a,2,1,94,,688,3,TI,I,ZARZALEJO,28,183,ZARZALEJO,C2,Calle del Ferrocarril SN 13,20240125,20240101,,8375.2256,30,5,93_375,,,5__8_A____2_IT_1_5_94__688_TI_I_3,,,,5__8_A__,5__8_A____2_IT_1,5_94,5_94_,5_94_688,
415,5,340744,C4B,C-4b,1,1,83,,668,14,TI,I,TRES CANTOS,28,903,TRES CANTOS,B2,Plaza de la Estación N 1,20090625,20090625,,4664.6702,30,5,92_353,,,5__4_B____1_IT_1_5_83__668_TI_I_14,,,,5__4_B__,5__4_B____1_IT_1,5_83,5_83_,5_83_668,
416,5,340745,C4B,C-4b,2,1,83,,667,2,TI,I,TRES CANTOS,28,903,TRES CANTOS,B2,Plaza de la Estación N 1,20090625,20090625,,10775.8356,30,5,92_353,,,5__4_B____2_IT_1_5_83__667_TI_I_2,,,,5__4_B__,5__4_B____2_IT_1,5_83,5_83_,5_83_667,
417,5,345745,C9,C-9,1,1,23,,541,3,TI,T,COTOS,40,181,SAN ILDEFONSO,C2,Ctra   M-604 (de la A-1 al Puerto de Navacerrada) N 1,20110919,20110922,,7070.6282,30,5,93_178,,,5__9_____1_IT_1_5_23__541_TI_T_3,,,,5__9___,5__9_____1_IT_1,5_23,5_23_,5_23_541,
418,5,345746,C9,C-9,2,1,23,,542,1,TI,T,COTOS,40,181,SAN ILDEFONSO,C2,Ctra   M-604 (de la A-1 al Puerto de Navacerrada) N 1,20110919,20110922,,0,0,5,93_178,,,5__9_____2_IT_1_5_23__542_TI_T_1,,,,5__9___,5__9_____2_IT_1,5_23,5_23_,5_23_542,
